NA_L3CODE,tile
0.0.0,13QFC
0.0.0,13QGC
0.0.0,15TWM
0.0.0,15TWN
0.0.0,15TXM
0.0.0,15TXN
0.0.0,15TYM
0.0.0,15TYN
0.0.0,15UXP
0.0.0,15UYP
0.0.0,16TCS
0.0.0,16TCT
0.0.0,16TDM
0.0.0,16TDN
0.0.0,16TDP
0.0.0,16TDQ
0.0.0,16TDR
0.0.0,16TDS
0.0.0,16TDT
0.0.0,16TEM
0.0.0,16TEN
0.0.0,16TEP
0.0.0,16TEQ
0.0.0,16TER
0.0.0,16TES
0.0.0,16TET
0.0.0,16TFQ
0.0.0,16TFR
0.0.0,16TFS
0.0.0,16TFT
0.0.0,16TGM
0.0.0,16TGP
0.0.0,16TGQ
0.0.0,16TGR
0.0.0,16TGS
0.0.0,16TGT
0.0.0,16UCU
0.0.0,16UCV
0.0.0,16UDU
0.0.0,16UDV
0.0.0,16UEU
0.0.0,16UEV
0.0.0,16UFU
0.0.0,17TKG
0.0.0,17TLF
0.0.0,17TLG
0.0.0,17TLH
0.0.0,17TLJ
0.0.0,17TLK
0.0.0,17TLL
0.0.0,17TLM
0.0.0,17TMF
0.0.0,17TMG
0.0.0,17TMH
0.0.0,17TMJ
0.0.0,17TMK
0.0.0,17TML
0.0.0,17TMM
0.0.0,17TNG
0.0.0,17TNH
0.0.0,17TNJ
0.0.0,17TNK
0.0.0,17TNL
0.0.0,17TPG
0.0.0,17TPH
0.0.0,17TPJ
0.0.0,17TPK
0.0.0,17TQH
0.0.0,17TQJ
0.0.0,17TQK
0.0.0,18TUN
0.0.0,18TUP
0.0.0,18TUQ
0.0.0,18TVP
0.0.0,18TVQ
1.1.1,14XNP
1.1.1,14XNQ
1.1.1,15XVJ
1.1.1,15XVK
1.1.1,15XWG
1.1.1,15XWH
1.1.1,15XWJ
1.1.1,15XWK
1.1.1,16XDH
1.1.1,16XDJ
1.1.1,16XDM
1.1.1,16XDN
1.1.1,16XDP
1.1.1,16XDQ
1.1.1,16XEH
1.1.1,16XEJ
1.1.1,16XEK
1.1.1,16XEP
1.1.1,16XEQ
1.1.1,16XER
1.1.1,16XES
1.1.1,16XET
1.1.1,17XMC
1.1.1,17XMD
1.1.1,17XME
1.1.1,17XMF
1.1.1,17XMG
1.1.1,17XMH
1.1.1,17XMJ
1.1.1,17XMK
1.1.1,17XML
1.1.1,17XNC
1.1.1,17XND
1.1.1,17XNE
1.1.1,17XNF
1.1.1,17XNG
1.1.1,17XNH
1.1.1,17XNJ
1.1.1,17XNK
1.1.1,17XNL
1.1.1,17XNM
1.1.1,17XNN
1.1.1,18XVK
1.1.1,18XVL
1.1.1,18XVM
1.1.1,18XVN
1.1.1,18XVP
1.1.1,18XVQ
1.1.1,18XVR
1.1.1,18XWN
1.1.1,18XWP
1.1.1,18XWQ
1.1.1,18XWR
1.1.1,18XWS
1.1.1,18XWT
1.1.1,19XDJ
1.1.1,19XDK
1.1.1,19XDL
1.1.1,19XEM
1.1.2,17WPV
1.1.2,17XNA
1.1.2,17XNB
1.1.2,17XPA
1.1.2,18WVE
1.1.2,18WWD
1.1.2,18WWE
1.1.2,18WXB
1.1.2,18WXC
1.1.2,18WXD
1.1.2,18WXE
1.1.2,18XVF
1.1.2,18XVG
1.1.2,18XWF
1.1.2,19VFF
1.1.2,19VFG
1.1.2,19WDQ
1.1.2,19WDR
1.1.2,19WDS
1.1.2,19WDT
1.1.2,19WDU
1.1.2,19WDV
1.1.2,19WEQ
1.1.2,19WER
1.1.2,19WES
1.1.2,19WET
1.1.2,19WEU
1.1.2,19WFP
1.1.2,19WFQ
1.1.2,19WFR
1.1.2,20VLJ
1.1.2,20VLK
1.1.2,20VLL
1.1.2,20VLM
1.1.2,20VLN
1.1.2,20VMJ
1.1.2,20VMK
1.1.2,20VML
1.1.2,20VMM
1.1.2,20VMN
1.1.2,20VNJ
1.1.2,20VNK
1.1.2,20VNL
1.1.2,20WMA
1.1.2,20WMT
1.1.2,20WMU
1.1.2,20WMV
1.1.2,20WNT
1.1.2,20WNU
1.1.2,20WNV
10.1.1,10UDA
10.1.1,10UDB
10.1.1,10UEA
10.1.1,10UEB
10.1.1,10UFA
10.1.1,10UFB
10.1.1,10UFC
10.1.1,10UFV
10.1.1,10UGA
10.1.1,10UGB
10.1.1,10UGC
10.1.1,10UGV
10.1.1,11ULQ
10.1.1,11ULR
10.1.1,11ULS
10.1.1,11ULT
10.1.1,11UMQ
10.1.2,10TFQ
10.1.2,10TFR
10.1.2,10TFS
10.1.2,10TFT
10.1.2,10TGQ
10.1.2,10TGR
10.1.2,10TGS
10.1.2,10TGT
10.1.2,10UFU
10.1.2,10UGU
10.1.2,10UGV
10.1.2,11TLL
10.1.2,11TLM
10.1.2,11TLN
10.1.2,11TML
10.1.2,11TMM
10.1.2,11TMN
10.1.2,11TNL
10.1.2,11TNM
10.1.2,11TNN
10.1.2,11ULP
10.1.2,11ULQ
10.1.2,11UMP
10.1.3,10TFK
10.1.3,10TFL
10.1.3,10TFN
10.1.3,10TFP
10.1.3,10TGK
10.1.3,10TGL
10.1.3,10TGM
10.1.3,10TGN
10.1.3,10TGP
10.1.3,11TKE
10.1.3,11TKF
10.1.3,11TKG
10.1.3,11TLF
10.1.3,11TLG
10.1.3,11TLH
10.1.3,11TLJ
10.1.3,11TMF
10.1.3,11TMG
10.1.3,11TMH
10.1.3,11TMJ
10.1.3,11TNF
10.1.3,11TNG
10.1.3,11TNH
10.1.3,11TNJ
10.1.3,11TPF
10.1.3,11TPG
10.1.3,11TPH
10.1.3,11TQF
10.1.3,11TQG
10.1.3,11TQH
10.1.3,12TTL
10.1.3,12TTM
10.1.3,12TUM
10.1.3,12TUN
10.1.3,12TVM
10.1.3,12TVN
10.1.3,12TVP
10.1.4,12TVL
10.1.4,12TVM
10.1.4,12TVN
10.1.4,12TWL
10.1.4,12TWM
10.1.4,12TWN
10.1.4,12TWP
10.1.4,12TXK
10.1.4,12TXL
10.1.4,12TXM
10.1.4,12TXN
10.1.4,12TXP
10.1.4,12TXQ
10.1.4,12TXR
10.1.4,12TYK
10.1.4,12TYL
10.1.4,12TYM
10.1.4,12TYN
10.1.4,12TYP
10.1.4,12TYQ
10.1.4,12TYR
10.1.4,13TBE
10.1.4,13TBF
10.1.4,13TBG
10.1.4,13TCE
10.1.4,13TCF
10.1.4,13TCG
10.1.4,13TCH
10.1.4,13TCJ
10.1.4,13TCK
10.1.4,13TDF
10.1.4,13TDG
10.1.4,13TDH
10.1.5,10SGH
10.1.5,10SGJ
10.1.5,10TGK
10.1.5,10TGL
10.1.5,11SKB
10.1.5,11SKC
10.1.5,11SKD
10.1.5,11SLA
10.1.5,11SLB
10.1.5,11SLC
10.1.5,11SLD
10.1.5,11SMA
10.1.5,11SMB
10.1.5,11SMC
10.1.5,11SMD
10.1.5,11SNA
10.1.5,11SNB
10.1.5,11SNC
10.1.5,11SND
10.1.5,11SPA
10.1.5,11SPB
10.1.5,11SPC
10.1.5,11SPD
10.1.5,11SQB
10.1.5,11SQC
10.1.5,11SQD
10.1.5,11TKE
10.1.5,11TKF
10.1.5,11TLE
10.1.5,11TLF
10.1.5,11TLG
10.1.5,11TME
10.1.5,11TMF
10.1.5,11TMG
10.1.5,11TNE
10.1.5,11TNF
10.1.5,11TNG
10.1.5,11TPE
10.1.5,11TPF
10.1.5,11TPG
10.1.5,11TQE
10.1.5,11TQF
10.1.5,11TQG
10.1.5,12STG
10.1.5,12STH
10.1.5,12STJ
10.1.5,12SUG
10.1.5,12SUH
10.1.5,12SUJ
10.1.5,12SVH
10.1.5,12SVJ
10.1.5,12TTK
10.1.5,12TTL
10.1.5,12TTM
10.1.5,12TUK
10.1.5,12TUL
10.1.5,12TUM
10.1.5,12TVK
10.1.5,12TVL
10.1.5,12TVM
10.1.5,12TVN
10.1.6,12STF
10.1.6,12STG
10.1.6,12SUF
10.1.6,12SUG
10.1.6,12SVF
10.1.6,12SVG
10.1.6,12SVH
10.1.6,12SVJ
10.1.6,12SWF
10.1.6,12SWG
10.1.6,12SWH
10.1.6,12SWJ
10.1.6,12SXF
10.1.6,12SXG
10.1.6,12SXH
10.1.6,12SXJ
10.1.6,12SYF
10.1.6,12SYG
10.1.6,12SYH
10.1.6,12SYJ
10.1.6,12TVK
10.1.6,12TWK
10.1.6,12TWL
10.1.6,12TXK
10.1.6,12TXL
10.1.6,12TYK
10.1.6,12TYL
10.1.6,13SBA
10.1.6,13SBB
10.1.6,13SBC
10.1.6,13SBD
10.1.6,13TBE
10.1.6,13TBF
10.1.7,11SQA
10.1.7,11SQB
10.1.7,11SQU
10.1.7,11SQV
10.1.7,12STD
10.1.7,12STE
10.1.7,12STF
10.1.7,12SUD
10.1.7,12SUE
10.1.7,12SUF
10.1.7,12SVD
10.1.7,12SVE
10.1.7,12SVF
10.1.7,12SVG
10.1.7,12SWD
10.1.7,12SWE
10.1.7,12SWF
10.1.7,12SWG
10.1.7,12SXC
10.1.7,12SXD
10.1.7,12SXE
10.1.7,12SXF
10.1.7,12SXG
10.1.7,12SYC
10.1.7,12SYD
10.1.7,12SYE
10.1.7,12SYF
10.1.7,13SBA
10.1.7,13SBT
10.1.7,13SBU
10.1.7,13SBV
10.1.7,13SCA
10.1.7,13SCB
10.1.7,13SCC
10.1.7,13SCT
10.1.7,13SCU
10.1.7,13SCV
10.1.7,13SDA
10.1.7,13SDB
10.1.7,13SDC
10.1.7,13SDV
10.1.8,11TMJ
10.1.8,11TMK
10.1.8,11TNH
10.1.8,11TNJ
10.1.8,11TNK
10.1.8,11TPG
10.1.8,11TPH
10.1.8,11TPJ
10.1.8,11TQG
10.1.8,11TQH
10.1.8,11TQJ
10.1.8,12TTM
10.1.8,12TUN
10.1.8,12TUP
10.1.8,12TUQ
10.1.8,12TVN
10.1.8,12TVP
10.1.8,12TVQ
10.2.1,11SLA
10.2.1,11SLU
10.2.1,11SLV
10.2.1,11SMA
10.2.1,11SMB
10.2.1,11SMT
10.2.1,11SMU
10.2.1,11SMV
10.2.1,11SNA
10.2.1,11SNB
10.2.1,11SNT
10.2.1,11SNU
10.2.1,11SNV
10.2.1,11SPA
10.2.1,11SPB
10.2.1,11SPT
10.2.1,11SPU
10.2.1,11SPV
10.2.1,11SQA
10.2.1,11SQB
10.2.1,11SQU
10.2.1,11SQV
10.2.1,12STD
10.2.1,12STE
10.2.1,12STF
10.2.1,12STG
10.2.1,12SUE
10.2.1,12SUF
10.2.2,11RPP
10.2.2,11RPQ
10.2.2,11RQN
10.2.2,11RQP
10.2.2,11RQQ
10.2.2,11SNR
10.2.2,11SNS
10.2.2,11SNT
10.2.2,11SPR
10.2.2,11SPS
10.2.2,11SPT
10.2.2,11SPU
10.2.2,11SQR
10.2.2,11SQS
10.2.2,11SQT
10.2.2,11SQU
10.2.2,12RTU
10.2.2,12RTV
10.2.2,12RUS
10.2.2,12RUT
10.2.2,12RUU
10.2.2,12RUV
10.2.2,12RVR
10.2.2,12RVS
10.2.2,12RVT
10.2.2,12RVU
10.2.2,12RVV
10.2.2,12RWR
10.2.2,12RWS
10.2.2,12RWT
10.2.2,12RWU
10.2.2,12RWV
10.2.2,12RXP
10.2.2,12RXQ
10.2.2,12RXR
10.2.2,12RXS
10.2.2,12RYP
10.2.2,12RYQ
10.2.2,12STA
10.2.2,12STB
10.2.2,12STC
10.2.2,12STD
10.2.2,12SUA
10.2.2,12SUB
10.2.2,12SUC
10.2.2,12SUD
10.2.2,12SVA
10.2.2,12SVB
10.2.2,12SVC
10.2.2,12SWA
10.2.2,12SWB
10.2.3,11RPL
10.2.3,11RPN
10.2.3,11RPP
10.2.3,11RQK
10.2.3,11RQL
10.2.3,11RQM
10.2.3,11RQN
10.2.3,11RQP
10.2.3,12QVM
10.2.3,12QWM
10.2.3,12RTQ
10.2.3,12RTR
10.2.3,12RTS
10.2.3,12RTT
10.2.3,12RUN
10.2.3,12RUP
10.2.3,12RUQ
10.2.3,12RUR
10.2.3,12RUS
10.2.3,12RVN
10.2.3,12RVP
10.2.3,12RVQ
10.2.3,12RVR
10.2.3,12RWN
10.2.3,12RWP
10.2.4,12RYV
10.2.4,12SXA
10.2.4,12SXB
10.2.4,12SYA
10.2.4,12SYB
10.2.4,13QFG
10.2.4,13QGE
10.2.4,13QGF
10.2.4,13QGG
10.2.4,13QHE
10.2.4,13QHF
10.2.4,13QHG
10.2.4,13RBP
10.2.4,13RBQ
10.2.4,13RCL
10.2.4,13RCM
10.2.4,13RCN
10.2.4,13RCP
10.2.4,13RCQ
10.2.4,13RDJ
10.2.4,13RDK
10.2.4,13RDL
10.2.4,13RDM
10.2.4,13RDN
10.2.4,13RDP
10.2.4,13RDQ
10.2.4,13REH
10.2.4,13REJ
10.2.4,13REK
10.2.4,13REL
10.2.4,13REM
10.2.4,13REN
10.2.4,13REP
10.2.4,13REQ
10.2.4,13RFH
10.2.4,13RFJ
10.2.4,13RFK
10.2.4,13RFL
10.2.4,13RFM
10.2.4,13RFN
10.2.4,13RFP
10.2.4,13RFQ
10.2.4,13RGH
10.2.4,13RGJ
10.2.4,13RGK
10.2.4,13RGL
10.2.4,13RGM
10.2.4,13RGN
10.2.4,13RGP
10.2.4,13RGQ
10.2.4,13RHH
10.2.4,13RHJ
10.2.4,13SBR
10.2.4,13SBS
10.2.4,13SBT
10.2.4,13SCR
10.2.4,13SCS
10.2.4,13SCT
10.2.4,13SCU
10.2.4,13SDR
10.2.4,13SDS
10.2.4,13SDT
10.2.4,13SER
10.2.4,13SES
10.2.4,13SET
10.2.4,13SFR
10.2.4,13SFS
10.2.4,13SGR
10.2.4,14QKK
10.2.4,14QKL
10.2.4,14QKM
10.2.4,14QLJ
10.2.4,14QLK
10.2.4,14QLL
10.2.4,14QLM
10.2.4,14QMJ
10.2.4,14QMK
10.2.4,14QML
10.2.4,14QMM
10.2.4,14RKN
10.2.4,14RKP
10.2.4,14RKQ
10.2.4,14RKR
10.2.4,14RKS
10.2.4,14RKT
10.2.4,14RKU
10.2.4,14RKV
10.2.4,14RLN
10.2.4,14RLP
10.2.4,14RLQ
10.2.4,14RLR
10.2.4,14RLT
10.2.4,14RMN
11.1.1,10SDH
11.1.1,10SDJ
11.1.1,10SEF
11.1.1,10SEG
11.1.1,10SEH
11.1.1,10SEJ
11.1.1,10SFD
11.1.1,10SFE
11.1.1,10SFF
11.1.1,10SFG
11.1.1,10SFH
11.1.1,10SFJ
11.1.1,10SGC
11.1.1,10SGD
11.1.1,10SGE
11.1.1,10SGF
11.1.1,10SGG
11.1.1,10SGH
11.1.1,10TEK
11.1.1,10TEL
11.1.1,10TFK
11.1.1,11RLM
11.1.1,11RLN
11.1.1,11RNP
11.1.1,11RNQ
11.1.1,11RPM
11.1.1,11RPN
11.1.1,11RPP
11.1.1,11RPQ
11.1.1,11SKA
11.1.1,11SKB
11.1.1,11SKC
11.1.1,11SKS
11.1.1,11SKT
11.1.1,11SKU
11.1.1,11SKV
11.1.1,11SLA
11.1.1,11SLB
11.1.1,11SLS
11.1.1,11SLT
11.1.1,11SLU
11.1.1,11SLV
11.1.1,11SMR
11.1.1,11SMS
11.1.1,11SMT
11.1.1,11SNR
11.1.1,11SNS
11.1.1,11SNT
11.1.1,11SPR
11.1.2,10SEG
11.1.2,10SEH
11.1.2,10SEJ
11.1.2,10SFF
11.1.2,10SFG
11.1.2,10SFH
11.1.2,10SFJ
11.1.2,10SGE
11.1.2,10SGF
11.1.2,10SGG
11.1.2,10SGH
11.1.2,10TEK
11.1.2,10TFK
11.1.2,11SKA
11.1.2,11SKB
11.1.2,11SKU
11.1.2,11SKV
11.1.2,11SLA
11.1.2,11SLU
11.1.2,11SLV
11.1.3,10SGD
11.1.3,11RLN
11.1.3,11RNQ
11.1.3,11RPP
11.1.3,11RPQ
11.1.3,11SKU
11.1.3,11SLT
11.1.3,11SLU
11.1.3,11SLV
11.1.3,11SMS
11.1.3,11SMT
11.1.3,11SMU
11.1.3,11SNR
11.1.3,11SNS
11.1.3,11SNT
11.1.3,11SNU
11.1.3,11SPR
11.1.3,11SPS
12.1.1,12RVU
12.1.1,12RVV
12.1.1,12RWT
12.1.1,12RWU
12.1.1,12RWV
12.1.1,12RXT
12.1.1,12RXU
12.1.1,12RXV
12.1.1,12RYU
12.1.1,12RYV
12.1.1,12SVA
12.1.1,12SVB
12.1.1,12SWA
12.1.1,12SWB
12.1.1,12SWC
12.1.1,12SXA
12.1.1,12SXB
12.1.1,12SXC
12.1.1,12SYA
12.1.2,12RXU
12.1.2,12RXV
12.1.2,12RYT
12.1.2,12RYU
12.1.2,12RYV
12.1.2,13QEF
12.1.2,13QEG
12.1.2,13QFD
12.1.2,13QFE
12.1.2,13QFF
12.1.2,13QFG
12.1.2,13QGD
12.1.2,13QGE
12.1.2,13QGF
12.1.2,13QGG
12.1.2,13QHD
12.1.2,13QHE
12.1.2,13RBL
12.1.2,13RBM
12.1.2,13RBN
12.1.2,13RBP
12.1.2,13RBQ
12.1.2,13RCK
12.1.2,13RCL
12.1.2,13RCM
12.1.2,13RCN
12.1.2,13RCP
12.1.2,13RDH
12.1.2,13RDJ
12.1.2,13RDK
12.1.2,13RDL
12.1.2,13RDM
12.1.2,13RDN
12.1.2,13REH
12.1.2,13REJ
12.1.2,13REK
12.1.2,13RFH
12.1.2,13RGH
12.1.2,14QKJ
12.1.2,14QKK
12.1.2,14QLK
12.2.1,13QEC
12.2.1,13QFC
12.2.1,13QFD
12.2.1,13QGB
12.2.1,13QGC
12.2.1,13QGD
12.2.1,13QGE
12.2.1,13QHB
12.2.1,13QHC
12.2.1,13QHD
12.2.1,13QHE
12.2.1,14QKG
12.2.1,14QKH
12.2.1,14QKJ
12.2.1,14QKK
12.2.1,14QLG
12.2.1,14QLH
12.2.1,14QLJ
12.2.1,14QLK
12.2.1,14QMG
12.2.1,14QMH
12.2.1,14QMJ
12.2.1,14QNH
13.1.1,12STD
13.1.1,12STE
13.1.1,12SUC
13.1.1,12SUD
13.1.1,12SUE
13.1.1,12SUF
13.1.1,12SVB
13.1.1,12SVC
13.1.1,12SVD
13.1.1,12SVE
13.1.1,12SVF
13.1.1,12SWB
13.1.1,12SWC
13.1.1,12SWD
13.1.1,12SXB
13.1.1,12SXC
13.1.1,12SXD
13.1.1,12SXE
13.1.1,12SXF
13.1.1,12SYA
13.1.1,12SYB
13.1.1,12SYC
13.1.1,12SYD
13.1.1,12SYE
13.1.1,12SYF
13.1.1,13SBR
13.1.1,13SBS
13.1.1,13SBT
13.1.1,13SBU
13.1.1,13SBV
13.1.1,13SCS
13.1.1,13SCT
13.1.1,13SCU
13.1.1,13SCV
13.1.1,13SDR
13.1.1,13SDS
13.1.1,13SDT
13.1.1,13SDU
13.1.1,13SDV
13.1.1,13SER
13.1.1,13SES
13.2.1,12RXR
13.2.1,12RXS
13.2.1,12RXT
13.2.1,12RXU
13.2.1,12RXV
13.2.1,12RYP
13.2.1,12RYQ
13.2.1,12RYR
13.2.1,12RYS
13.2.1,12RYT
13.2.1,12RYU
13.2.1,12RYV
13.2.1,12RZN
13.2.1,12RZP
13.2.1,13QCF
13.2.1,13QCG
13.2.1,13QDE
13.2.1,13QDF
13.2.1,13QDG
13.2.1,13QED
13.2.1,13QEE
13.2.1,13QEF
13.2.1,13QEG
13.2.1,13QFC
13.2.1,13QFD
13.2.1,13QFE
13.2.1,13QFF
13.2.1,13QFG
13.2.1,13QGC
13.2.1,13QGD
13.2.1,13QGE
13.2.1,13QGF
13.2.1,13RBH
13.2.1,13RBJ
13.2.1,13RBK
13.2.1,13RBL
13.2.1,13RBM
13.2.1,13RBN
13.2.1,13RBP
13.2.1,13RCH
13.2.1,13RCJ
13.2.1,13RCK
13.2.1,13RCL
13.2.1,13RCM
13.2.1,13RCN
13.2.1,13RDH
13.2.1,13RDJ
13.2.1,13RDK
13.2.1,13REH
13.2.1,13REJ
13.3.1,13RGH
13.3.1,13RGJ
13.3.1,13RHH
13.3.1,13RHJ
13.3.1,14QKK
13.3.1,14QKL
13.3.1,14QLJ
13.3.1,14QLK
13.3.1,14QLL
13.3.1,14QLM
13.3.1,14QMH
13.3.1,14QMJ
13.3.1,14QMK
13.3.1,14QML
13.3.1,14QMM
13.3.1,14QNG
13.3.1,14QNH
13.3.1,14QNJ
13.3.1,14QPG
13.3.1,14QPH
13.3.1,14RKN
13.3.1,14RKP
13.3.1,14RLN
13.3.1,14RLP
13.3.1,14RMN
13.4.1,13QFB
13.4.1,13QFC
13.4.1,13QHB
13.4.1,13QHC
13.4.1,14QKG
13.4.1,14QKH
13.4.1,14QLG
13.4.1,14QLH
13.4.1,14QMG
13.4.1,14QMH
13.4.1,14QNG
13.4.1,14QNH
13.4.1,14QPF
13.4.1,14QPG
13.4.2,13QDD
13.4.2,13QDE
13.4.2,13QEB
13.4.2,13QEC
13.4.2,13QED
13.4.2,13QEE
13.4.2,13QFB
13.4.2,13QFC
13.4.2,13QFD
13.4.2,13QGB
13.4.2,13QGC
13.4.2,13QHA
13.4.2,13QHB
13.4.2,13QHC
13.4.2,14QKF
13.4.2,14QKG
13.4.2,14QKH
13.4.2,14QLF
13.4.2,14QLG
13.4.2,14QLH
13.4.2,14QMF
13.4.2,14QMG
13.4.2,14QMH
13.4.2,14QNF
13.4.2,14QNG
13.4.2,14QNH
13.4.2,14QPF
13.4.2,14QPG
13.4.2,14QPH
13.4.2,14QQG
13.4.2,14QQH
13.5.1,13QDB
13.5.1,13QDC
13.5.1,13QDD
13.5.1,13QEB
13.5.1,13QEC
13.5.1,13QED
13.5.1,13QFA
13.5.1,13QFB
13.5.1,13QGA
13.5.1,13QGB
13.5.1,13QHA
13.5.2,13QHA
13.5.2,13QHV
13.5.2,14PPC
13.5.2,14PQC
13.5.2,14PRC
13.5.2,14QKE
13.5.2,14QKF
13.5.2,14QLD
13.5.2,14QLE
13.5.2,14QLF
13.5.2,14QMD
13.5.2,14QME
13.5.2,14QND
13.5.2,14QNE
13.5.2,14QNF
13.5.2,14QPD
13.5.2,14QPE
13.5.2,14QPF
13.5.2,14QPG
13.5.2,14QQD
13.5.2,14QQE
13.5.2,14QQF
13.5.2,14QQG
13.5.2,14QRD
13.5.2,14QRE
13.5.2,15PTT
13.5.2,15QTU
13.5.2,15QTV
13.6.1,15PVT
13.6.1,15PWS
13.6.1,15PWT
13.6.1,15PXS
13.6.1,15PXT
13.6.1,15QUU
13.6.1,15QVU
13.6.2,15PWT
13.6.2,15PXT
13.6.2,15QVU
13.6.2,15QVV
13.6.2,15QWU
13.6.2,15QWV
13.6.2,15QXU
13.6.2,15QXV
14.1.1,14QMK
14.1.1,14QML
14.1.1,14QMM
14.1.1,14QNJ
14.1.1,14QNK
14.1.1,14QNL
14.1.1,14QNM
14.1.1,14QPJ
14.1.1,14QPK
14.1.1,14QPL
14.1.1,14QPM
14.1.1,14RMN
14.1.1,14RNN
14.1.2,14QMJ
14.1.2,14QMK
14.1.2,14QML
14.1.2,14QNJ
14.1.2,14QNK
14.1.2,14QNL
14.1.2,14QNM
14.1.2,14QPL
14.1.2,14QPM
14.1.2,14QQF
14.1.2,14QQG
14.1.2,14QRF
14.1.2,14QRG
14.2.1,15QYC
14.2.1,15QYD
14.2.1,15QZC
14.2.1,15QZD
14.2.1,15QZE
14.2.1,15QZF
14.2.1,16QBH
14.2.1,16QBJ
14.2.1,16QBK
14.2.1,16QBL
14.2.1,16QCJ
14.2.1,16QDJ
14.3.1,12QZM
14.3.1,12RWQ
14.3.1,12RWR
14.3.1,12RWS
14.3.1,12RXP
14.3.1,12RXQ
14.3.1,12RXR
14.3.1,12RXS
14.3.1,12RYN
14.3.1,12RYP
14.3.1,12RYQ
14.3.1,12RZN
14.3.1,12RZP
14.3.1,13QBG
14.3.1,13RBH
14.3.1,13RBJ
14.3.2,12QZM
14.3.2,12RWR
14.3.2,12RWS
14.3.2,12RWT
14.3.2,12RWU
14.3.2,12RXQ
14.3.2,12RXR
14.3.2,12RXS
14.3.2,12RXT
14.3.2,12RXU
14.3.2,12RYN
14.3.2,12RYP
14.3.2,12RYQ
14.3.2,12RYR
14.3.2,12RYS
14.3.2,12RYT
14.3.2,12RYU
14.3.2,12RZN
14.3.2,12RZP
14.3.2,13QBG
14.3.2,13QCF
14.3.2,13QCG
14.3.2,13QDE
14.3.2,13QDF
14.3.2,13QDG
14.3.2,13QED
14.3.2,13QEE
14.3.2,13QEF
14.3.2,13QEG
14.3.2,13QFC
14.3.2,13QFD
14.3.2,13QFE
14.3.2,13QFF
14.3.2,13QGC
14.3.2,13QGD
14.3.2,13QGE
14.3.2,13RBH
14.3.2,13RBJ
14.3.2,13RBK
14.3.2,13RBL
14.3.2,13RCH
14.3.2,13RCJ
14.3.2,13RCK
14.3.2,13RDH
14.4.1,13QFB
14.4.1,13QGA
14.4.1,13QGB
14.4.1,13QHA
14.4.1,13QHB
14.4.1,13QHV
14.4.1,14QKE
14.4.1,14QKF
14.4.1,14QKG
14.4.1,14QLE
14.4.1,14QLF
14.4.1,14QLG
14.4.1,14QME
14.4.1,14QMF
14.4.1,14QMG
14.4.1,14QNE
14.4.1,14QNF
14.4.1,14QNG
14.4.1,14QPE
14.4.1,14QPF
14.4.2,15PVT
14.4.2,15PWT
14.4.2,15PXT
14.4.2,15QUU
14.4.2,15QVU
14.4.2,15QVV
14.4.2,15QWU
14.4.3,14QNF
14.4.3,14QNG
14.4.3,14QPE
14.4.3,14QPF
14.4.3,14QPG
14.4.3,14QQD
14.4.3,14QQE
14.4.3,14QQF
14.5.1,14PQC
14.5.1,14PRC
14.5.1,14QQD
14.5.1,14QRD
14.5.1,15PTT
14.5.1,15PUT
14.5.1,15QTU
14.5.1,15QUU
14.5.2,13QCD
14.5.2,13QCE
14.5.2,13QDB
14.5.2,13QDC
14.5.2,13QEA
14.5.2,13QEB
14.5.2,13QEC
14.5.2,13QFA
14.5.2,13QFB
14.5.2,13QFC
14.5.2,13QGA
14.5.2,13QGB
14.5.2,13QGV
14.5.2,13QHA
14.5.2,13QHV
14.5.2,14PNC
14.5.2,14PPC
14.5.2,14PQC
14.5.2,14PRC
14.5.2,14QKE
14.5.2,14QKF
14.5.2,14QLD
14.5.2,14QLE
14.5.2,14QMD
14.5.2,14QME
14.5.2,14QND
14.5.2,14QPD
14.6.1,12QWL
14.6.1,12QWM
14.6.1,12QXL
14.6.1,12QXM
14.6.1,12RWN
14.6.1,12RXN
14.6.2,12QWL
14.6.2,12QWM
14.6.2,12QXL
14.6.2,12QXM
15.1.1,14QPJ
15.1.1,14QPK
15.1.1,14QQE
15.1.1,14QQF
15.1.1,14QQG
15.1.1,14QRE
15.1.1,14QRF
15.1.1,14QRG
15.1.1,15QTA
15.1.1,15QTU
15.1.1,15QTV
15.1.1,15QUA
15.1.1,15QUV
15.1.1,15QVA
15.1.1,15QVV
15.1.1,15QWA
15.1.1,15QWV
15.1.1,15QXA
15.1.1,15QXB
15.1.1,15QXV
15.1.1,15QYA
15.1.1,15QYB
15.1.1,15QYV
15.1.2,14QMJ
15.1.2,14QMK
15.1.2,14QNH
15.1.2,14QNJ
15.1.2,14QNK
15.1.2,14QPF
15.1.2,14QPG
15.1.2,14QPH
15.1.2,14QPJ
15.1.2,14QPK
15.1.2,14QQE
15.1.2,14QQF
15.1.2,14QQG
15.1.2,14QQH
15.1.2,14QRD
15.1.2,14QRE
15.1.2,14QRF
15.1.2,15PXT
15.1.2,15PYT
15.1.2,15QTA
15.1.2,15QTU
15.1.2,15QTV
15.1.2,15QUU
15.1.2,15QUV
15.1.2,15QVU
15.1.2,15QVV
15.1.2,15QWU
15.1.2,15QWV
15.1.2,15QXU
15.1.2,15QXV
15.1.2,15QYU
15.1.2,15QYV
15.2.1,15QYB
15.2.1,15QYC
15.2.1,15QZB
15.2.1,15QZC
15.2.1,15QZD
15.2.1,16QBG
15.2.1,16QBH
15.2.1,16QBJ
15.2.1,16QCG
15.2.1,16QCH
15.2.1,16QCJ
15.2.1,16QDH
15.2.1,16QDJ
15.2.2,16QCF
15.2.2,16QCG
15.2.2,16QCH
15.2.2,16QDF
15.2.2,16QDG
15.2.2,16QDH
15.2.2,16QDJ
15.2.2,16QEH
15.2.2,16QEJ
15.2.3,15QXA
15.2.3,15QXB
15.2.3,15QXV
15.2.3,15QYA
15.2.3,15QYB
15.2.3,15QYV
15.2.3,15QZA
15.2.3,15QZB
15.2.3,15QZV
15.2.3,16QBE
15.2.3,16QBF
15.2.3,16QBG
15.2.3,16QCE
15.2.3,16QCF
15.2.3,16QCG
15.3.1,14QRF
15.3.1,15QTA
15.3.1,15QTV
15.3.1,15QUA
15.3.1,15QUV
15.4.1,17RLH
15.4.1,17RMH
15.4.1,17RMJ
15.4.1,17RMK
15.4.1,17RML
15.4.1,17RNH
15.4.1,17RNJ
15.4.1,17RNK
15.4.1,17RNL
15.5.1,13QCF
15.5.1,13QDD
15.5.1,13QDE
15.5.1,13QDF
15.5.1,13QED
15.5.1,13QEE
15.5.2,13QDC
15.5.2,13QDD
15.5.2,13QDE
15.5.2,13QDF
15.5.2,13QEC
15.5.2,13QED
15.5.2,13QEE
15.6.1,15PUT
15.6.1,15PVS
15.6.1,15PVT
15.6.1,15PWS
15.6.1,15PWT
15.6.1,15PXS
15.6.1,15QUU
15.6.1,15QVU
2.1.1,10XDK
2.1.1,10XEJ
2.1.1,10XEK
2.1.1,10XEL
2.1.1,10XEM
2.1.1,11XMD
2.1.1,11XME
2.1.1,11XMF
2.1.1,11XMG
2.1.1,11XND
2.1.1,11XNE
2.1.1,11XNF
2.1.1,11XNG
2.1.1,11XNH
2.1.1,12XVJ
2.1.1,12XVK
2.1.1,12XVL
2.1.1,12XVM
2.1.1,12XVN
2.1.1,12XWK
2.1.1,12XWL
2.1.1,12XWM
2.1.1,12XWN
2.1.1,13XDD
2.1.1,13XDE
2.1.1,13XDF
2.1.1,13XDG
2.1.1,13XDH
2.1.1,13XDJ
2.1.1,13XEF
2.1.1,13XEG
2.1.1,13XEH
2.1.1,13XEJ
2.1.1,13XEK
2.1.1,14XMM
2.1.1,14XMN
2.1.1,14XMP
2.1.1,14XMQ
2.1.1,14XNM
2.1.1,14XNN
2.1.1,14XNP
2.1.1,14XNQ
2.1.1,15XVF
2.1.1,15XVG
2.1.1,15XVH
2.1.1,15XWF
2.1.1,15XWG
2.1.1,16XDL
2.1.1,16XDM
2.1.2,14XNN
2.1.2,14XNP
2.1.2,14XNQ
2.1.2,14XNR
2.1.2,15XVG
2.1.2,15XVH
2.1.2,15XVJ
2.1.2,15XVK
2.1.2,15XVL
2.1.2,15XWF
2.1.2,15XWG
2.1.2,15XWH
2.1.2,15XWJ
2.1.2,15XWK
2.1.2,15XWL
2.1.2,15XWM
2.1.2,16XDL
2.1.2,16XDM
2.1.2,16XDN
2.1.2,16XDP
2.1.2,16XDQ
2.1.2,16XDR
2.1.2,16XEL
2.1.2,16XEM
2.1.2,16XEN
2.1.2,16XEP
2.1.2,16XEQ
2.1.2,16XER
2.1.2,16XES
2.1.2,16XET
2.1.2,17XMF
2.1.2,17XMG
2.1.2,17XMH
2.1.2,17XMJ
2.1.2,17XMK
2.1.2,17XML
2.1.2,17XNH
2.1.2,17XNJ
2.1.2,17XNK
2.1.2,17XNL
2.1.2,17XNM
2.1.2,17XNN
2.1.2,18XVN
2.1.2,18XVP
2.1.2,18XVQ
2.1.2,18XVR
2.1.2,18XWN
2.1.2,18XWP
2.1.2,18XWQ
2.1.2,18XWR
2.1.2,18XWS
2.1.2,18XWT
2.1.2,19XDJ
2.1.2,19XDK
2.1.2,19XDL
2.1.2,19XEK
2.1.2,19XEL
2.1.2,19XEM
2.1.2,19XEN
2.1.2,20XMQ
2.1.2,20XMR
2.1.2,20XNR
2.1.2,20XNS
2.1.2,21XVL
2.1.3,11XMD
2.1.3,11XNC
2.1.3,11XND
2.1.3,11XNE
2.1.3,12XVH
2.1.3,12XVJ
2.1.3,12XVK
2.1.3,12XWH
2.1.3,12XWJ
2.1.3,12XWK
2.1.3,13XDD
2.1.3,13XDE
2.1.3,13XDF
2.1.3,13XEB
2.1.3,13XED
2.1.3,13XEE
2.1.3,13XEF
2.1.3,13XFA
2.1.3,14WNE
2.1.3,14XMF
2.1.3,14XMG
2.1.3,14XMH
2.1.3,14XMJ
2.1.3,14XMK
2.1.3,14XML
2.1.3,14XNF
2.1.3,14XNG
2.1.3,14XNH
2.1.3,14XNJ
2.1.3,14XNK
2.1.3,14XNL
2.1.3,15XVC
2.1.3,15XVD
2.1.3,15XVE
2.1.3,15XVF
2.1.4,14XNG
2.1.4,14XNK
2.1.4,14XNL
2.1.4,14XPF
2.1.4,15WWV
2.1.4,15WXU
2.1.4,15WXV
2.1.4,15XVA
2.1.4,15XVB
2.1.4,15XVC
2.1.4,15XVE
2.1.4,15XVF
2.1.4,15XWA
2.1.4,15XWB
2.1.4,15XWC
2.1.4,15XWD
2.1.4,15XWE
2.1.4,15XWF
2.1.4,15XXA
2.1.4,16WDD
2.1.4,16WDE
2.1.4,16WED
2.1.4,16WEE
2.1.4,16WFE
2.1.4,16XDF
2.1.4,16XDG
2.1.4,16XDH
2.1.4,16XDJ
2.1.4,16XDK
2.1.4,16XDL
2.1.4,16XEF
2.1.4,16XEG
2.1.4,16XEH
2.1.4,16XEJ
2.1.4,16XEK
2.1.4,16XEL
2.1.4,16XEM
2.1.4,16XFF
2.1.4,17WMV
2.1.4,17WNV
2.1.4,17WPV
2.1.4,17XMA
2.1.4,17XMB
2.1.4,17XMC
2.1.4,17XMD
2.1.4,17XME
2.1.4,17XMF
2.1.4,17XNA
2.1.4,17XNB
2.1.4,17XNE
2.1.4,17XNF
2.1.4,17XPA
2.1.4,18XVF
2.1.4,18XVG
2.1.5,14WND
2.1.5,14WNE
2.1.5,14WNS
2.1.5,14WNT
2.1.5,14WNU
2.1.5,14WPA
2.1.5,14WPC
2.1.5,14WPD
2.1.5,14WPE
2.1.5,14WPS
2.1.5,14WPT
2.1.5,14WPU
2.1.5,14WPV
2.1.5,14XNF
2.1.5,14XNG
2.1.5,14XPF
2.1.5,15VVL
2.1.5,15VWL
2.1.5,15VXL
2.1.5,15WVM
2.1.5,15WVN
2.1.5,15WVP
2.1.5,15WVQ
2.1.5,15WVR
2.1.5,15WVS
2.1.5,15WVT
2.1.5,15WVU
2.1.5,15WVV
2.1.5,15WWM
2.1.5,15WWN
2.1.5,15WWP
2.1.5,15WWQ
2.1.5,15WWR
2.1.5,15WWS
2.1.5,15WWT
2.1.5,15WWU
2.1.5,15WXM
2.1.5,15WXN
2.1.5,15WXP
2.1.5,15WXQ
2.1.5,15WXR
2.1.5,15WXS
2.1.5,15WXT
2.1.5,15XVA
2.1.5,15XVB
2.1.5,16VCR
2.1.5,16VDR
2.1.5,16WDA
2.1.5,16WDD
2.1.5,16WDS
2.1.5,16WDT
2.1.5,16WDU
2.1.5,16WDV
2.1.5,16WEA
2.1.5,16WEB
2.1.5,16WEC
2.1.5,16WED
2.1.5,16WEE
2.1.5,16WES
2.1.5,16WET
2.1.5,16WEU
2.1.5,16WEV
2.1.5,16WFA
2.1.5,16WFB
2.1.5,16WFC
2.1.5,16WFD
2.1.5,16WFE
2.1.5,16WFS
2.1.5,16WFT
2.1.5,16WFU
2.1.5,16WFV
2.1.5,16XEF
2.1.5,16XFF
2.1.5,17VML
2.1.5,17VNL
2.1.5,17VPH
2.1.5,17VPJ
2.1.5,17VPK
2.1.5,17VPL
2.1.5,17WMM
2.1.5,17WMN
2.1.5,17WMP
2.1.5,17WMQ
2.1.5,17WMR
2.1.5,17WMS
2.1.5,17WMT
2.1.5,17WMU
2.1.5,17WMV
2.1.5,17WNM
2.1.5,17WNT
2.1.5,17WNU
2.1.5,17WNV
2.1.5,17WPM
2.1.5,17WPN
2.1.5,17WPS
2.1.5,17WPT
2.1.5,17WPU
2.1.5,17WPV
2.1.5,17XMA
2.1.5,18VUN
2.1.5,18VUP
2.1.5,18VUQ
2.1.5,18VUR
2.1.5,18VVN
2.1.5,18VVP
2.1.5,18VVQ
2.1.5,18VVR
2.1.5,18VWN
2.1.5,18VWP
2.1.5,18VWQ
2.1.5,18VWR
2.1.5,18VXP
2.1.5,18VXQ
2.1.5,18VXR
2.1.5,18WVB
2.1.5,18WVC
2.1.5,18WVD
2.1.5,18WVE
2.1.5,18WVS
2.1.5,18WVT
2.1.5,18WWA
2.1.5,18WWB
2.1.5,18WWC
2.1.5,18WWS
2.1.5,18WWT
2.1.5,18WWV
2.1.5,18WXA
2.1.5,18WXB
2.1.5,18WXS
2.1.5,18WXT
2.1.5,18WXU
2.1.5,18WXV
2.1.5,19VCJ
2.1.5,19VCK
2.1.5,19VCL
2.1.5,19VDK
2.1.5,19VDL
2.1.5,19VEG
2.1.5,19VEH
2.1.5,19VEJ
2.1.5,19VEK
2.1.5,19VEL
2.1.5,19VFJ
2.1.5,19VFK
2.1.5,19VFL
2.1.5,19WDM
2.1.5,19WDN
2.1.5,19WDP
2.1.5,19WDQ
2.1.5,19WDR
2.1.5,19WEM
2.1.5,19WEN
2.1.5,19WEP
2.1.5,19WEQ
2.1.5,19WFM
2.1.5,19WFN
2.1.5,19WFP
2.1.5,19WFQ
2.1.5,20VLN
2.1.5,20VLP
2.1.5,20VLQ
2.1.5,20VLR
2.1.5,20VMN
2.1.5,20VMP
2.1.5,20VMQ
2.1.5,20VMR
2.1.5,20WMS
2.1.5,20WMT
2.1.5,20WMU
2.1.6,16WFE
2.1.6,17WMV
2.1.6,17WNU
2.1.6,17WNV
2.1.6,17WPT
2.1.6,17WPU
2.1.6,17WPV
2.1.6,17XNA
2.1.6,17XPA
2.1.6,18VXR
2.1.6,18WVB
2.1.6,18WVC
2.1.6,18WVD
2.1.6,18WVE
2.1.6,18WWA
2.1.6,18WWB
2.1.6,18WWC
2.1.6,18WWD
2.1.6,18WWE
2.1.6,18WWS
2.1.6,18WXA
2.1.6,18WXB
2.1.6,18WXC
2.1.6,18WXD
2.1.6,18WXS
2.1.6,18WXT
2.1.6,18WXU
2.1.6,18WXV
2.1.6,18XVF
2.1.6,19VCL
2.1.6,19VDK
2.1.6,19VDL
2.1.6,19VEK
2.1.6,19VEL
2.1.6,19VFJ
2.1.6,19VFK
2.1.6,19VFL
2.1.6,19WDM
2.1.6,19WDN
2.1.6,19WDP
2.1.6,19WDQ
2.1.6,19WDR
2.1.6,19WDS
2.1.6,19WDT
2.1.6,19WDU
2.1.6,19WEM
2.1.6,19WEN
2.1.6,19WEP
2.1.6,19WEQ
2.1.6,19WER
2.1.6,19WFM
2.1.6,19WFP
2.1.6,19WFQ
2.1.6,20VLP
2.1.6,20VLQ
2.1.6,20VLR
2.1.7,14WPD
2.1.7,14WPE
2.1.7,14XPF
2.1.7,15WVU
2.1.7,15WVV
2.1.7,15WWU
2.1.7,15WWV
2.1.7,15WXR
2.1.7,15WXS
2.1.7,15WXT
2.1.7,15WXU
2.1.7,15WXV
2.1.7,15XVA
2.1.7,15XVB
2.1.7,15XWA
2.1.7,15XXA
2.1.7,16WDA
2.1.7,16WDB
2.1.7,16WDC
2.1.7,16WDD
2.1.7,16WDE
2.1.7,16WEA
2.1.7,16WEC
2.1.7,16WED
2.1.7,16WEE
2.1.7,16WFA
2.1.7,16WFB
2.1.7,16WFC
2.1.7,16XDF
2.1.7,17WMR
2.1.7,17WMS
2.1.7,17WMT
2.1.7,17WNR
2.1.7,17WNS
2.1.7,17WNT
2.1.7,17WPQ
2.1.7,17WPR
2.1.7,17WPS
2.1.7,17WPT
2.1.7,18WVA
2.1.7,18WVB
2.1.7,18WVC
2.1.7,18WVV
2.1.7,18WWA
2.1.7,18WWB
2.1.7,18WWS
2.1.7,18WWT
2.1.7,18WWU
2.1.7,18WWV
2.1.7,18WXS
2.1.7,18WXT
2.1.7,18WXU
2.1.7,18WXV
2.1.7,19WDP
2.1.7,19WDQ
2.1.8,10WFE
2.1.8,10XEF
2.1.8,10XEG
2.1.8,10XFF
2.1.8,11WMV
2.1.8,11WNU
2.1.8,11WNV
2.1.8,11WPS
2.1.8,11WPT
2.1.8,11WPU
2.1.8,11WPV
2.1.8,11XMA
2.1.8,11XMB
2.1.8,11XNA
2.1.8,11XNB
2.1.8,11XNC
2.1.8,11XPA
2.1.8,12WVB
2.1.8,12WVC
2.1.8,12WVD
2.1.8,12WVE
2.1.8,12WWB
2.1.8,12WWC
2.1.8,12WWD
2.1.8,12WWE
2.1.8,12WXC
2.1.8,12WXD
2.1.8,12WXE
2.1.8,12XVF
2.1.8,12XVG
2.1.8,12XWF
2.1.8,12XWG
2.1.8,12XXF
2.1.8,13WDT
2.1.8,13WDU
2.1.8,13WDV
2.1.8,13WET
2.1.8,13WEU
2.1.8,13WEV
2.1.8,13WFS
2.1.8,13WFT
2.1.8,13WFU
2.1.8,13WFV
2.1.8,13XDA
2.1.8,13XDB
2.1.8,13XEA
2.1.8,13XEB
2.1.8,13XFA
2.1.8,14WMB
2.1.8,14WMC
2.1.8,14WMD
2.1.8,14WME
2.1.8,14WNA
2.1.8,14WNB
2.1.8,14WNC
2.1.8,14WND
2.1.8,14WNE
2.1.8,14WPA
2.1.8,14WPB
2.1.8,14WPC
2.1.8,14WPD
2.1.8,14XMF
2.1.8,14XMG
2.1.8,14XNF
2.1.8,14XNG
2.1.8,15WVR
2.1.8,15WVS
2.1.8,15WVT
2.1.8,15WVU
2.1.8,15WWR
2.1.8,15WWS
2.1.8,15WWT
2.1.9,09WWV
2.1.9,09WXS
2.1.9,09WXT
2.1.9,09WXU
2.1.9,09WXV
2.1.9,09XWA
2.1.9,09XXA
2.1.9,10WDB
2.1.9,10WDC
2.1.9,10WDD
2.1.9,10WDE
2.1.9,10WED
2.1.9,10WEE
2.1.9,10WFD
2.1.9,10WFE
2.1.9,10XDF
2.1.9,10XDG
2.1.9,10XDH
2.1.9,10XEF
2.1.9,10XEG
2.1.9,10XEH
2.1.9,10XFF
2.1.9,11WMT
2.1.9,11WMU
2.1.9,11WMV
2.1.9,11WNR
2.1.9,11WNS
2.1.9,11WNT
2.1.9,11WNU
2.1.9,11WNV
2.1.9,11WPR
2.1.9,11WPS
2.1.9,11WPT
2.1.9,11WPU
2.1.9,11WPV
2.1.9,11XMA
2.1.9,11XMB
2.1.9,11XMC
2.1.9,11XNB
2.1.9,11XNC
2.1.9,11XPA
2.1.9,12WVA
2.1.9,12WVB
2.1.9,12WVC
2.1.9,12WVD
2.1.9,12WVE
2.1.9,12WWA
2.1.9,12WWB
2.1.9,12WWC
2.1.9,12WWD
2.1.9,12WWE
2.1.9,12WXA
2.1.9,12WXB
2.1.9,12WXC
2.1.9,12XVF
2.1.9,12XVG
2.1.9,12XWF
2.1.9,12XWG
2.1.9,13WDS
2.1.9,13WDT
2.1.9,13WES
2.1.9,13WET
2.1.9,13WFR
2.1.9,13WFS
2.1.9,13WFT
2.1.9,14WMA
2.1.9,14WMB
2.1.9,14WNA
2.1.9,14WNB
2.2.1,03WWT
2.2.1,03WWU
2.2.1,03WXT
2.2.1,03WXU
2.2.1,04WDC
2.2.1,04WDD
2.2.1,04WEC
2.2.1,04WED
2.2.1,04WEE
2.2.1,04WFC
2.2.1,04WFD
2.2.1,04WFE
2.2.1,05WMT
2.2.1,05WMU
2.2.1,05WMV
2.2.1,05WNT
2.2.1,05WNU
2.2.1,05WPT
2.2.1,05WPU
2.2.1,06WVC
2.2.1,06WVD
2.2.1,06WWC
2.2.1,06WXC
2.2.1,07WDT
2.2.2,02WPA
2.2.2,02WPB
2.2.2,03WVR
2.2.2,03WVS
2.2.2,03WWQ
2.2.2,03WWR
2.2.2,03WWS
2.2.2,03WWT
2.2.2,03WXQ
2.2.2,03WXR
2.2.2,03WXS
2.2.2,03WXT
2.2.2,04WDA
2.2.2,04WDB
2.2.2,04WDC
2.2.2,04WEA
2.2.2,04WEB
2.2.2,04WEC
2.2.2,04WEV
2.2.2,04WFA
2.2.2,04WFB
2.2.2,04WFC
2.2.2,05WMS
2.2.2,05WMT
2.2.2,05WNR
2.2.2,05WNS
2.2.2,05WNT
2.2.2,05WPS
2.2.2,05WPT
2.2.2,06WVB
2.2.2,06WVC
2.2.2,06WWB
2.2.2,06WWC
2.2.2,06WXC
2.2.2,07WDT
2.2.2,07WES
2.2.2,07WET
2.2.2,07WFS
2.2.2,08WMA
2.2.2,08WMB
2.2.3,02VLM
2.2.3,02VLN
2.2.3,02VMM
2.2.3,02VMN
2.2.3,02VNQ
2.2.3,02VNR
2.2.3,02VPM
2.2.3,02VPR
2.2.3,02WNT
2.2.3,02WNU
2.2.3,02WPT
2.2.3,02WPU
2.2.3,03VUG
2.2.3,03VUL
2.2.3,03VVG
2.2.3,03VVH
2.2.3,03VVJ
2.2.3,03VVK
2.2.3,03VWG
2.2.3,03VWH
2.2.3,03VWJ
2.2.3,03VWK
2.2.3,03VWL
2.2.3,03VXG
2.2.3,03VXH
2.2.3,03VXJ
2.2.3,03VXK
2.2.3,03VXL
2.2.3,03WVN
2.2.3,03WVP
2.2.3,03WWP
2.2.3,03WWQ
2.2.3,03WXM
2.2.3,03WXN
2.2.3,03WXP
2.2.3,03WXQ
2.2.3,04VCM
2.2.3,04VCN
2.2.3,04VCP
2.2.3,04VCQ
2.2.3,04VCR
2.2.3,04VDN
2.2.3,04VDP
2.2.3,04VDR
2.2.3,04WDS
2.2.3,04WDT
2.2.3,04WDU
2.2.3,04WDV
2.2.3,04WEU
2.2.3,04WEV
2.2.4,02VMR
2.2.4,02VNR
2.2.4,02WPT
2.2.4,02WPU
2.2.4,03WVM
2.2.4,03WVN
2.2.4,03WVP
2.2.4,03WWM
2.2.4,03WWN
2.2.4,03WWP
2.2.4,03WXM
2.2.4,03WXN
2.2.4,03WXP
2.2.4,04WDT
2.2.4,04WDU
2.2.5,03UWA
2.2.5,03UWB
2.2.5,03UXA
2.2.5,03UXB
2.2.5,03VXC
2.2.5,04UCG
2.2.5,04UDG
2.2.5,04VCH
2.2.5,04VDH
2.2.5,04VDJ
2.2.5,04VDK
2.2.5,04VDL
2.2.5,04VDM
2.2.5,04VEH
2.2.5,04VEJ
2.2.5,04VEK
2.2.5,04VEL
2.2.5,04VEM
2.2.5,04VFJ
2.2.5,04VFK
2.2.5,04VFL
2.2.5,04VFM
2.2.5,04VFN
2.2.5,05VLD
2.2.5,05VLE
2.2.5,05VLF
2.2.5,05VLG
2.2.5,05VLH
2.2.5,05VMF
2.2.5,05VMG
2.2.6,01UCS
2.2.6,01UCT
2.2.6,01UDT
2.2.6,01UET
2.2.6,01UFT
2.2.6,01UFU
2.2.6,01UGT
2.2.6,01UGU
2.2.6,02ULC
2.2.6,02ULD
2.2.6,02UMC
2.2.6,02UMD
2.2.6,02UND
2.2.6,02UPD
2.2.6,02UPE
2.2.6,02UQE
2.2.6,03UUV
2.2.6,03UVA
2.2.6,03UVV
2.2.6,03UWA
2.2.6,03UWV
2.3.1,03WWR
2.3.1,03WWS
2.3.1,03WXQ
2.3.1,03WXR
2.3.1,03WXS
2.3.1,04WDA
2.3.1,04WDB
2.3.1,04WDV
2.3.1,04WEA
2.3.1,04WEB
2.3.1,04WEV
2.3.1,04WFA
2.3.1,04WFB
2.3.1,04WFV
2.3.1,05WMQ
2.3.1,05WMR
2.3.1,05WMS
2.3.1,05WNQ
2.3.1,05WNR
2.3.1,05WNS
2.3.1,05WPQ
2.3.1,05WPR
2.3.1,05WPS
2.3.1,06WVA
2.3.1,06WVB
2.3.1,06WVC
2.3.1,06WVV
2.3.1,06WWA
2.3.1,06WWB
2.3.1,06WWC
2.3.1,06WXA
2.3.1,06WXB
2.3.1,06WXC
2.3.1,07WDR
2.3.1,07WDS
2.3.1,07WDT
2.3.1,07WER
2.3.1,07WES
2.3.1,07WET
2.3.1,07WFP
2.3.1,07WFQ
2.3.1,07WFR
2.3.1,07WFS
2.3.1,08WMA
2.3.1,08WMB
2.3.1,08WMU
2.3.1,08WMV
2.3.1,08WNU
2.4.1,07WFS
2.4.1,07WFT
2.4.1,08WMB
2.4.1,08WMC
2.4.1,08WNA
2.4.1,08WNB
2.4.1,08WNC
2.4.1,08WPA
2.4.1,08WPB
2.4.1,08WPC
2.4.1,08WPD
2.4.1,09WVR
2.4.1,09WVS
2.4.1,09WVT
2.4.1,09WVU
2.4.1,09WWR
2.4.1,09WWS
2.4.1,09WWT
2.4.1,09WWU
2.4.1,09WXQ
2.4.1,09WXR
2.4.1,09WXS
2.4.1,09WXT
2.4.1,10WDA
2.4.1,10WDB
2.4.1,10WDC
2.4.1,10WDU
2.4.1,10WDV
2.4.1,10WEA
2.4.1,10WEB
2.4.1,10WEC
2.4.1,10WEU
2.4.1,10WEV
2.4.1,10WFA
2.4.1,10WFB
2.4.1,10WFC
2.4.1,10WFV
2.4.1,11WMQ
2.4.1,11WMR
2.4.1,11WMS
2.4.1,11WMT
2.4.1,11WNP
2.4.1,11WNQ
2.4.1,11WNR
2.4.1,11WNS
2.4.1,11WPM
2.4.1,11WPN
2.4.1,11WPP
2.4.1,11WPQ
2.4.1,11WPR
2.4.1,12VWR
2.4.1,12VXR
2.4.1,12WVA
2.4.1,12WVS
2.4.1,12WVT
2.4.1,12WVU
2.4.1,12WVV
2.4.1,12WWA
2.4.1,12WWS
2.4.1,12WWT
2.4.1,12WWU
2.4.1,12WWV
2.4.1,12WXA
2.4.1,12WXB
2.4.1,12WXS
2.4.1,12WXT
2.4.1,12WXU
2.4.1,12WXV
2.4.1,13VCL
2.4.1,13VDL
2.4.1,13WDM
2.4.1,13WDN
2.4.1,13WDP
2.4.1,13WDQ
2.4.1,13WDR
2.4.1,13WDS
2.4.2,12VXR
2.4.2,12WXS
2.4.2,12WXT
2.4.2,12WXU
2.4.2,12WXV
2.4.2,13VCL
2.4.2,13VDL
2.4.2,13VEK
2.4.2,13VEL
2.4.2,13VFK
2.4.2,13VFL
2.4.2,13WDM
2.4.2,13WDN
2.4.2,13WDP
2.4.2,13WDQ
2.4.2,13WEM
2.4.2,13WEN
2.4.2,13WEP
2.4.2,13WEQ
2.4.2,13WFM
2.4.2,13WFN
2.4.2,13WFP
2.4.2,13WFQ
2.4.2,14VLQ
2.4.2,14VLR
2.4.2,14VMQ
2.4.2,14VMR
2.4.2,14VNP
2.4.2,14VNQ
2.4.2,14VNR
2.4.2,14VPM
2.4.2,14VPN
2.4.2,14VPP
2.4.2,14VPQ
2.4.2,14VPR
2.4.2,14WMS
2.4.2,14WMT
2.4.2,14WMU
2.4.2,14WMV
2.4.2,14WNS
2.4.2,14WNT
2.4.2,14WNU
2.4.2,14WPS
2.4.2,14WPT
2.4.2,15VUF
2.4.2,15VUG
2.4.2,15VUH
2.4.2,15VUJ
2.4.2,15VUK
2.4.2,15VUL
2.4.2,15VVF
2.4.2,15VVG
2.4.2,15VVH
2.4.2,15VVJ
2.4.2,15VVK
2.4.2,15VVL
2.4.2,15VWJ
2.4.2,15VWK
2.4.2,15VWL
2.4.2,15VXK
2.4.2,15VXL
2.4.2,15WVM
2.4.2,16VCQ
2.4.2,16VCR
2.4.2,16VDR
2.4.2,16VEQ
2.4.2,16VER
2.4.2,16VFP
2.4.2,16VFQ
2.4.2,16VFR
2.4.2,16WDS
2.4.2,16WES
2.4.2,16WET
2.4.2,16WEU
2.4.2,16WFS
2.4.2,16WFT
2.4.2,17VLJ
2.4.2,17VLK
2.4.2,17VLL
2.4.2,17VMK
2.4.2,17VML
2.4.2,17VNJ
2.4.2,17VNK
2.4.2,17VNL
2.4.2,17WMM
2.4.3,17UNB
2.4.3,17UPB
2.4.3,17VNC
2.4.3,17VND
2.4.3,17VNF
2.4.3,17VNG
2.4.3,17VPC
2.4.3,17VPD
2.4.3,17VPE
2.4.3,17VPF
2.4.3,17VPG
2.4.3,17VPH
2.4.3,18VUH
2.4.3,18VUJ
2.4.3,18VUK
2.4.3,18VUL
2.4.3,18VUM
2.4.3,18VUN
2.4.3,18VVH
2.4.3,18VVJ
2.4.3,18VVK
2.4.3,18VVL
2.4.3,18VVM
2.4.3,18VVN
2.4.3,18VVP
2.4.3,18VWK
2.4.3,18VWL
2.4.3,18VWM
2.4.3,18VWN
2.4.3,18VWP
2.4.3,18VXK
2.4.3,18VXL
2.4.3,18VXM
2.4.3,18VXN
2.4.3,18VXP
2.4.3,19VCE
2.4.3,19VCF
2.4.3,19VCG
2.4.3,19VCH
2.4.3,19VCJ
2.4.3,19VDE
2.4.3,19VDF
2.4.3,19VDG
2.4.3,19VDH
2.4.3,19VEF
2.4.4,12WXA
2.4.4,12WXB
2.4.4,12WXU
2.4.4,12WXV
2.4.4,13WDP
2.4.4,13WDQ
2.4.4,13WDR
2.4.4,13WDS
2.4.4,13WEP
2.4.4,13WEQ
2.4.4,13WER
2.4.4,13WES
2.4.4,13WFP
2.4.4,13WFQ
2.4.4,13WFR
2.4.4,14WMA
2.4.4,14WMU
2.4.4,14WMV
2.4.4,14WNA
2.4.4,14WNB
2.4.4,14WNU
2.4.4,14WNV
2.4.4,14WPA
2.4.4,14WPU
2.4.4,14WPV
2.4.4,15WVQ
2.4.4,15WVR
3.1.1,03VWJ
3.1.1,03VWK
3.1.1,03VXJ
3.1.1,03VXK
3.1.1,03VXL
3.1.1,03WWM
3.1.1,03WWN
3.1.1,03WWQ
3.1.1,03WXM
3.1.1,03WXN
3.1.1,03WXP
3.1.1,03WXQ
3.1.1,03WXR
3.1.1,04VCP
3.1.1,04VCQ
3.1.1,04VCR
3.1.1,04VDN
3.1.1,04VDP
3.1.1,04VDQ
3.1.1,04VDR
3.1.1,04VEM
3.1.1,04VEN
3.1.1,04VEP
3.1.1,04VEQ
3.1.1,04VER
3.1.1,04VFM
3.1.1,04VFN
3.1.1,04VFP
3.1.1,04VFQ
3.1.1,04VFR
3.1.1,04WDA
3.1.1,04WDS
3.1.1,04WDT
3.1.1,04WDU
3.1.1,04WDV
3.1.1,04WES
3.1.1,04WET
3.1.1,04WEU
3.1.1,04WEV
3.1.1,04WFS
3.1.1,04WFT
3.1.1,04WFU
3.1.1,04WFV
3.1.1,05VLG
3.1.1,05VLH
3.1.1,05VLJ
3.1.1,05VLK
3.1.1,05VLL
3.1.1,05VMG
3.1.1,05VMH
3.1.1,05VMJ
3.1.1,05VMK
3.1.1,05VML
3.1.1,05VNK
3.1.1,05VNL
3.1.1,05VPL
3.1.1,05WMM
3.1.1,05WMN
3.1.1,05WMP
3.1.1,05WMQ
3.1.1,05WNM
3.1.1,05WNN
3.1.1,05WNP
3.1.1,05WNQ
3.1.1,05WPM
3.1.1,05WPN
3.1.1,05WPP
3.1.1,05WPQ
3.1.1,06VUR
3.1.1,06VVR
3.1.1,06VWR
3.1.1,06VXR
3.1.1,06WVS
3.1.1,06WVT
3.1.1,06WVU
3.1.1,06WVV
3.1.1,06WWA
3.1.1,06WWS
3.1.1,06WWT
3.1.1,06WWU
3.1.1,06WWV
3.1.1,06WXA
3.1.1,06WXT
3.1.1,06WXU
3.1.1,06WXV
3.1.1,07VCL
3.1.1,07VDL
3.1.1,07WDN
3.1.1,07WDP
3.1.1,07WDQ
3.1.1,07WDR
3.1.1,07WDS
3.1.1,07WEQ
3.1.1,07WER
3.1.1,07WES
3.1.1,07WFQ
3.1.1,07WFR
3.1.1,07WFS
3.1.1,08WMA
3.1.1,08WMV
3.1.2,03VXJ
3.1.2,03VXK
3.1.2,04VCN
3.1.2,04VCP
3.1.2,04VCQ
3.1.2,04VDN
3.1.2,04VDP
3.1.2,04VDQ
3.1.2,04VDR
3.1.2,04VEN
3.1.2,04VEP
3.1.2,04VEQ
3.1.2,04VER
3.1.2,04VFN
3.1.2,04VFP
3.1.2,04VFQ
3.1.2,04VFR
3.1.2,04WDS
3.1.2,04WES
3.1.2,04WET
3.1.2,04WEU
3.1.2,04WFS
3.1.2,04WFT
3.1.2,04WFU
3.1.2,05VLH
3.1.2,05VLJ
3.1.2,05VLK
3.1.2,05VLL
3.1.2,05VMK
3.1.2,05VML
3.1.2,05VNK
3.1.2,05VNL
3.1.2,05VPL
3.1.2,05WMM
3.1.2,05WMN
3.1.2,05WMP
3.1.2,05WNM
3.1.2,05WNN
3.1.2,05WNP
3.1.2,05WNQ
3.1.2,05WPM
3.1.2,05WPN
3.1.2,06VUR
3.1.2,06VWR
3.1.2,06VXR
3.1.2,06WVS
3.1.2,06WVT
3.1.2,06WWS
3.1.2,06WWT
3.1.2,06WXS
3.1.2,07VCL
3.1.2,07VDK
3.1.2,07VDL
3.1.3,05WPP
3.1.3,06WVU
3.1.3,06WVV
3.1.3,06WWT
3.1.3,06WWU
3.1.3,06WWV
3.1.3,06WXT
3.1.3,06WXU
3.1.3,06WXV
3.1.3,07WDP
3.1.3,07WDQ
3.2.1,06WXT
3.2.1,06WXU
3.2.1,07WDM
3.2.1,07WDN
3.2.1,07WDP
3.2.1,07WDQ
3.2.1,07WEM
3.2.1,07WEN
3.2.1,07WEP
3.2.1,07WEQ
3.2.1,07WFM
3.2.1,07WFN
3.2.1,07WFP
3.2.1,07WFQ
3.2.1,08WMS
3.2.1,08WMT
3.2.1,08WMU
3.2.1,08WMV
3.2.2,07WDM
3.2.2,07WEM
3.2.2,07WEN
3.2.2,07WFM
3.2.2,07WFN
3.2.2,08VNR
3.2.2,08VPQ
3.2.2,08VPR
3.2.2,08WMS
3.2.2,08WMT
3.2.2,08WNS
3.2.2,08WNT
3.2.2,08WPS
3.2.2,08WPT
3.2.2,09VUK
3.2.2,09VUL
3.2.2,09VVH
3.2.2,09VVJ
3.2.2,09VVK
3.2.2,09VVL
3.2.2,09VWH
3.2.2,09VWJ
3.2.2,09VWK
3.2.2,09VWL
3.2.2,09VXH
3.2.2,09VXJ
3.2.2,09VXK
3.2.2,09VXL
3.2.2,09WVM
3.2.2,09WVN
3.2.2,09WWM
3.2.2,09WWN
3.2.2,09WXM
3.2.2,10VCP
3.2.2,10VCQ
3.2.2,10VCR
3.2.3,07WFS
3.2.3,08WMA
3.2.3,08WMB
3.2.3,08WMT
3.2.3,08WMU
3.2.3,08WMV
3.2.3,08WNA
3.2.3,08WNT
3.2.3,08WNU
3.2.3,08WNV
3.2.3,08WPT
3.2.3,08WPU
3.2.3,09VWH
3.2.3,09VWJ
3.2.3,09VXH
3.2.3,09VXJ
3.2.3,09VXK
3.2.3,09VXL
3.2.3,09WVN
3.2.3,09WVP
3.2.3,09WWM
3.2.3,09WWN
3.2.3,09WWP
3.2.3,09WXM
3.2.3,09WXN
3.2.3,10VCN
3.2.3,10VCP
3.2.3,10VCQ
3.2.3,10VCR
3.2.3,10VDN
3.2.3,10VDP
3.2.3,10VDQ
3.2.3,10VDR
3.2.3,10WDS
3.3.1,07WFS
3.3.1,08WMA
3.3.1,08WMB
3.3.1,08WMV
3.3.1,08WNA
3.3.1,08WNB
3.3.1,08WNU
3.3.1,08WNV
3.3.1,08WPA
3.3.1,08WPB
3.3.1,08WPU
3.3.1,08WPV
3.3.1,09VXL
3.3.1,09WVN
3.3.1,09WVP
3.3.1,09WVQ
3.3.1,09WVR
3.3.1,09WVS
3.3.1,09WWM
3.3.1,09WWN
3.3.1,09WWP
3.3.1,09WWQ
3.3.1,09WWR
3.3.1,09WWS
3.3.1,09WXM
3.3.1,09WXN
3.3.1,09WXP
3.3.1,09WXQ
3.3.1,09WXR
3.3.1,10VCR
3.3.1,10VDP
3.3.1,10VDQ
3.3.1,10VDR
3.3.1,10VEP
3.3.1,10VEQ
3.3.1,10VER
3.3.1,10VFP
3.3.1,10VFQ
3.3.1,10VFR
3.3.1,10WDA
3.3.1,10WDS
3.3.1,10WDT
3.3.1,10WDU
3.3.1,10WDV
3.3.1,10WES
3.3.1,10WET
3.3.1,10WEU
3.3.1,10WEV
3.3.1,10WFS
3.3.1,10WFT
3.3.1,10WFU
3.3.1,10WFV
3.3.1,11VLJ
3.3.1,11VLK
3.3.1,11VLL
3.3.1,11VMJ
3.3.1,11VMK
3.3.1,11VML
3.3.1,11VNJ
3.3.1,11VNK
3.3.1,11VNL
3.3.1,11VPJ
3.3.1,11VPK
3.3.1,11WMM
3.3.1,11WMN
3.3.1,11WMP
3.3.1,11WMQ
3.3.1,12VUP
3.3.2,09VXH
3.3.2,09VXJ
3.3.2,10VCL
3.3.2,10VCM
3.3.2,10VCN
3.3.2,10VCP
3.3.2,10VDJ
3.3.2,10VDK
3.3.2,10VDL
3.3.2,10VDM
3.3.2,10VDN
3.3.2,10VDP
3.3.2,10VDQ
3.3.2,10VEJ
3.3.2,10VEK
3.3.2,10VEL
3.3.2,10VEM
3.3.2,10VEN
3.3.2,10VEP
3.3.2,10VEQ
3.3.2,10VFJ
3.3.2,10VFK
3.3.2,10VFL
3.3.2,10VFM
3.3.2,10VFN
3.3.2,10VFP
3.3.2,11VLD
3.3.2,11VLE
3.3.2,11VLF
3.3.2,11VLG
3.3.2,11VLH
3.3.2,11VLJ
3.3.2,11VMD
3.3.2,11VME
3.3.2,11VMF
3.3.2,11VMG
3.3.2,11VMH
3.3.2,11VMJ
3.3.2,11VNF
3.3.2,11VNG
3.3.2,11VNH
3.3.2,11VNJ
3.3.2,11VPE
3.3.2,11VPF
3.3.2,11VPG
3.3.2,11VPH
3.3.2,11VPJ
3.3.2,12VUK
3.3.2,12VUL
3.3.2,12VUM
3.3.2,12VUN
3.3.2,12VUP
3.3.2,12VVJ
3.3.2,12VVK
3.3.2,12VVL
3.3.2,12VVM
3.3.2,12VVN
3.3.2,12VVP
3.3.2,12VWJ
3.3.2,12VWK
3.3.2,12VWL
3.4.1,12VWP
3.4.1,12VWQ
3.4.1,12VXM
3.4.1,12VXN
3.4.1,12VXP
3.4.1,12VXQ
3.4.1,13VCG
3.4.1,13VCH
3.4.1,13VCJ
3.4.1,13VCK
3.4.1,13VDG
3.4.1,13VDH
3.4.1,13VDJ
3.4.1,13VDK
3.4.1,13VDL
3.4.1,13VEE
3.4.1,13VEF
3.4.1,13VEG
3.4.1,13VEH
3.4.1,13VEJ
3.4.1,13VEK
3.4.1,13VEL
3.4.1,13VFD
3.4.1,13VFE
3.4.1,13VFF
3.4.1,13VFG
3.4.1,13VFH
3.4.1,13VFJ
3.4.1,13VFK
3.4.1,13VFL
3.4.1,13WEM
3.4.1,13WFM
3.4.1,14VLJ
3.4.1,14VLK
3.4.1,14VLL
3.4.1,14VLM
3.4.1,14VLN
3.4.1,14VLP
3.4.1,14VLQ
3.4.1,14VLR
3.4.1,14VMJ
3.4.1,14VMK
3.4.1,14VML
3.4.1,14VMM
3.4.1,14VMN
3.4.1,14VMP
3.4.1,14VMQ
3.4.1,14VNJ
3.4.1,14VNK
3.4.1,14VNL
3.4.1,14VNM
3.4.1,14VNN
3.4.1,14VNP
3.4.1,14VNQ
3.4.1,14VNR
3.4.1,14VPH
3.4.1,14VPJ
3.4.1,14VPK
3.4.1,14VPL
3.4.1,14VPM
3.4.1,14VPN
3.4.1,14VPP
3.4.1,14VPQ
3.4.1,15VUC
3.4.1,15VUD
3.4.1,15VUE
3.4.1,15VUF
3.4.1,15VUG
3.4.1,15VUH
3.4.1,15VUJ
3.4.1,15VUK
3.4.1,15VVC
3.4.1,15VVD
3.4.1,15VVE
3.4.2,17UNA
3.4.2,17UPA
3.4.2,17UPB
3.4.2,17UPT
3.4.2,17UPU
3.4.2,17UPV
3.4.2,17UQU
3.4.2,17UQV
3.4.2,18UUD
3.4.2,18UUE
3.4.2,18UUF
3.4.2,18UUG
3.4.2,18UVC
3.4.2,18UVD
3.4.2,18UVE
3.4.2,18UVF
3.4.2,18UVG
3.4.2,18UWC
3.4.2,18UWD
3.4.2,18UWE
3.4.2,18UWF
3.4.2,18UWG
3.4.2,18UXC
3.4.2,18UXD
3.4.2,18UXE
3.4.2,18UXF
3.4.2,18UXG
3.4.2,18UYC
3.4.2,18UYD
3.4.2,18UYE
3.4.2,18VUH
3.4.2,18VUJ
3.4.2,18VVH
3.4.2,18VVJ
3.4.2,18VVK
3.4.2,18VWH
3.4.2,18VWJ
3.4.2,18VWK
3.4.2,18VXH
3.4.2,18VXJ
3.4.2,18VXK
3.4.2,19UCA
3.4.2,19UCB
3.4.2,19UCT
3.4.2,19UCU
3.4.2,19UCV
3.4.2,19UDA
3.4.2,19UDB
3.4.2,19UDU
3.4.2,19UDV
3.4.2,19UEA
3.4.2,19UEB
3.4.2,19UEU
3.4.2,19UEV
3.4.2,19UFA
3.4.2,19UFB
3.4.2,19UFU
3.4.2,19UFV
3.4.2,19VCC
3.4.2,19VCD
3.4.2,19VCE
3.4.2,19VDC
3.4.2,19VDD
3.4.2,19VDE
3.4.2,19VDF
3.4.2,19VEC
3.4.3,19UEA
3.4.3,19UEB
3.4.3,19UFA
3.4.3,19UFB
3.4.3,19UFT
3.4.3,19UFU
3.4.3,19UFV
3.4.3,19UGT
3.4.3,19UGU
3.4.3,19UGV
3.4.3,20ULB
3.4.3,20ULC
3.4.3,20ULD
3.4.3,20ULE
3.4.3,20ULF
3.4.3,20ULG
3.4.3,20UMC
3.4.3,20UMD
3.4.3,20UME
3.4.3,20UMF
3.4.3,20UMG
3.4.3,20UNC
3.4.3,20UND
3.4.3,20UNE
3.4.3,20UNF
3.4.3,20UNG
3.4.3,20UPC
3.4.3,20UPD
3.4.3,20UPE
3.4.3,20UPF
3.4.3,20UPG
3.4.3,20UQC
3.4.3,20UQD
3.4.3,20UQE
3.4.3,20VLH
3.4.3,20VLJ
3.4.3,20VMH
3.4.3,20VMJ
3.4.3,20VMK
3.4.3,20VNH
3.4.3,20VNJ
3.4.3,20VNK
3.4.3,20VPH
3.4.3,20VPJ
3.4.3,21UUA
3.4.3,21UUB
3.4.3,21UUT
3.4.3,21UUU
3.4.3,21UUV
3.4.3,21UVA
3.4.3,21UVT
3.4.3,21UVU
3.4.3,21UVV
3.4.3,21UWT
3.4.3,21UWU
3.4.3,21UWV
3.4.4,19UEA
3.4.4,19UEB
3.4.4,19UFA
3.4.4,19UFB
3.4.4,19VDC
3.4.4,19VDD
3.4.4,19VDE
3.4.4,19VDF
3.4.4,19VEC
3.4.4,19VED
3.4.4,19VEE
3.4.4,19VEF
3.4.4,19VFC
3.4.4,19VFD
3.4.4,19VFE
3.4.4,19VFF
3.4.4,19VFG
3.4.4,20ULF
3.4.4,20ULG
3.4.4,20VLH
3.4.4,20VLJ
3.4.4,20VLK
3.4.4,20VLL
3.4.4,20VLM
3.4.4,20VMH
3.4.4,20VMJ
3.4.4,20VMK
3.4.5,10WFT
3.4.5,10WFU
3.4.5,11VML
3.4.5,11VNJ
3.4.5,11VNK
3.4.5,11VNL
3.4.5,11VPJ
3.4.5,11VPK
3.4.5,11VPL
3.4.5,11WMM
3.4.5,11WMN
3.4.5,11WMP
3.4.5,11WMQ
3.4.5,11WNM
3.4.5,11WNN
3.4.5,11WNP
3.4.5,11WNQ
3.4.5,11WPM
3.4.5,11WPN
3.4.5,11WPP
3.4.5,12VUN
3.4.5,12VUP
3.4.5,12VUQ
3.4.5,12VUR
3.4.5,12VVL
3.4.5,12VVM
3.4.5,12VVN
3.4.5,12VVP
3.4.5,12VVQ
3.4.5,12VVR
3.4.5,12VWL
3.4.5,12VWM
3.4.5,12VWN
3.4.5,12VWP
3.4.5,12VWQ
3.4.5,12VWR
3.4.5,12VXL
3.4.5,12VXM
3.4.5,12VXN
3.4.5,12VXP
3.4.5,12VXQ
3.4.5,12VXR
3.4.5,12WVS
3.4.5,12WVT
3.4.5,12WWS
3.4.5,12WXS
3.4.5,13VCF
3.4.5,13VCG
3.4.5,13VCH
3.4.5,13VCJ
3.4.5,13VCK
3.4.5,13VCL
3.4.5,13VDF
3.4.5,13VDG
3.4.5,13VDJ
3.4.5,13VDK
3.4.5,13VDL
3.4.5,13VEF
3.4.5,13VEG
4.1.1,14VPK
4.1.1,14VPL
4.1.1,15VUE
4.1.1,15VUF
4.1.1,15VVD
4.1.1,15VVE
4.1.1,15VVF
4.1.1,15VWC
4.1.1,15VWD
4.1.1,15VWE
4.1.1,15VXC
4.1.1,15VXD
4.1.1,16UCG
4.1.1,16UDG
4.1.1,16UEF
4.1.1,16UEG
4.1.1,16UFF
4.1.1,16UFG
4.1.1,16VCH
4.1.1,16VCJ
4.1.1,16VDH
4.1.1,16VEH
4.1.1,17ULA
4.1.1,17ULB
4.1.1,17UMA
4.1.1,17UMB
4.1.2,15UVB
4.1.2,15UWA
4.1.2,15UWB
4.1.2,15UXA
4.1.2,15UXB
4.1.2,15UYV
4.1.2,15VUC
4.1.2,15VUD
4.1.2,15VUE
4.1.2,15VVC
4.1.2,15VVD
4.1.2,15VVE
4.1.2,15VWC
4.1.2,15VWD
4.1.2,15VXC
4.1.2,15VXD
4.1.2,16UCE
4.1.2,16UCF
4.1.2,16UCG
4.1.2,16UDD
4.1.2,16UDE
4.1.2,16UDF
4.1.2,16UDG
4.1.2,16UEA
4.1.2,16UEB
4.1.2,16UEC
4.1.2,16UED
4.1.2,16UEE
4.1.2,16UEF
4.1.2,16UEG
4.1.2,16UFA
4.1.2,16UFB
4.1.2,16UFC
4.1.2,16UFD
4.1.2,16UFE
4.1.2,16UFF
4.1.2,16UFG
4.1.2,16UGA
4.1.2,16UGB
4.1.2,16UGC
4.1.2,16UGD
4.1.2,16UGE
4.1.2,16VCH
4.1.2,17ULA
4.1.2,17ULR
4.1.2,17ULS
4.1.2,17ULT
4.1.2,17ULU
4.1.2,17ULV
4.1.2,17UMA
4.1.2,17UMR
4.1.2,17UMS
4.1.2,17UMT
4.1.2,17UMU
4.1.2,17UMV
4.1.2,17UNR
4.1.2,17UNS
4.1.2,17UNT
4.1.2,17UNU
4.1.2,17UNV
4.1.2,17UPR
4.1.2,17UPS
4.1.2,17UPT
4.1.2,17UPU
4.1.2,17UQS
4.1.2,17UQT
4.1.2,17UQU
4.1.2,18UUB
4.1.2,18UUC
4.1.2,18UUD
4.1.2,18UVC
4.1.2,18UVD
5.1.1,12VVK
5.1.1,12VVL
5.1.1,12VWJ
5.1.1,12VWK
5.1.1,12VWL
5.1.1,12VWM
5.1.1,12VXH
5.1.1,12VXJ
5.1.1,12VXK
5.1.1,12VXL
5.1.1,12VXM
5.1.1,13UCB
5.1.1,13UDA
5.1.1,13UDB
5.1.1,13UEA
5.1.1,13UEB
5.1.1,13UFA
5.1.1,13UFB
5.1.1,13VCC
5.1.1,13VCD
5.1.1,13VCE
5.1.1,13VCF
5.1.1,13VCG
5.1.1,13VDC
5.1.1,13VDD
5.1.1,13VDE
5.1.1,13VDF
5.1.1,13VEC
5.1.1,13VED
5.1.1,13VEE
5.1.1,13VEF
5.1.1,13VFC
5.1.1,13VFD
5.1.1,13VFE
5.1.1,14ULF
5.1.1,14ULG
5.1.1,14UMF
5.1.1,14UMG
5.1.1,14UNF
5.1.1,14UNG
5.1.1,14UPG
5.1.1,14VLH
5.1.1,14VLJ
5.1.1,14VLK
5.1.1,14VMH
5.1.1,14VMJ
5.1.1,14VMK
5.1.1,14VNH
5.1.1,14VNJ
5.1.1,14VPH
5.1.1,14VPJ
5.1.1,15VUC
5.1.2,14UND
5.1.2,14UNE
5.1.2,14UPA
5.1.2,14UPB
5.1.2,14UPC
5.1.2,14UPD
5.1.2,14UPE
5.1.2,14UQA
5.1.2,14UQB
5.1.2,14UQC
5.1.2,14UQD
5.1.2,14UQE
5.1.2,15UUR
5.1.2,15UUS
5.1.2,15UUT
5.1.2,15UUU
5.1.2,15UUV
5.1.2,15UVR
5.1.2,15UVS
5.1.2,15UVT
5.1.2,15UVU
5.1.2,15UWR
5.1.2,15UWS
5.1.2,15UWT
5.1.2,15UWU
5.1.2,15UXP
5.1.2,15UXQ
5.1.2,15UXR
5.1.2,15UXS
5.1.2,15UXT
5.1.2,15UXU
5.1.2,15UYP
5.1.2,15UYQ
5.1.2,15UYR
5.1.2,15UYS
5.1.2,15UYT
5.1.2,16UCA
5.1.2,16UCB
5.1.2,16UCC
5.1.2,16UCU
5.1.2,16UCV
5.1.2,16UDA
5.1.2,16UDB
5.1.2,16UDU
5.1.2,16UDV
5.1.2,16UEA
5.1.2,16UEB
5.1.2,16UEU
5.1.2,16UEV
5.1.3,18UWA
5.1.3,18UWB
5.1.3,18UWV
5.1.3,18UXA
5.1.3,18UXB
5.1.3,18UXC
5.1.3,18UXU
5.1.3,18UXV
5.1.3,18UYA
5.1.3,18UYB
5.1.3,18UYC
5.1.3,18UYU
5.1.3,18UYV
5.1.3,19TDN
5.1.3,19UCP
5.1.3,19UCQ
5.1.3,19UCR
5.1.3,19UCS
5.1.3,19UCT
5.1.3,19UDP
5.1.3,19UDQ
5.1.3,19UDR
5.1.3,19UDS
5.1.3,19UDT
5.1.3,19UDU
5.1.3,19UEQ
5.1.3,19UER
5.1.3,19UES
5.1.3,19UET
5.1.3,19UEU
5.1.3,19UFQ
5.1.3,19UFR
5.1.3,19UFS
5.1.3,19UFT
5.1.3,19UFU
5.1.3,19UGR
5.1.3,19UGS
5.1.3,19UGT
5.1.3,20ULA
5.1.3,20ULB
5.1.3,20ULC
5.1.3,20UMA
5.1.3,20UMB
5.1.3,20UMC
5.1.3,20UMD
5.1.3,20UME
5.1.3,20UMV
5.1.3,20UNA
5.1.3,20UNB
5.1.3,20UNC
5.1.3,20UND
5.1.3,20UNE
5.1.3,20UNF
5.1.3,20UNV
5.1.3,20UPA
5.1.3,20UPB
5.1.3,20UPC
5.1.3,20UPD
5.1.3,20UPE
5.1.3,20UPF
5.1.3,20UQA
5.1.3,20UQB
5.1.3,20UQC
5.1.3,20UQD
5.1.3,20UQE
5.1.3,21UUA
5.1.3,21UUR
5.1.3,21UUS
5.1.3,21UUT
5.1.3,21UUU
5.1.3,21UUV
5.1.3,21UVA
5.1.3,21UVS
5.1.3,21UVT
5.1.3,21UVU
5.1.3,21UVV
5.1.3,21UWS
5.1.3,21UWT
5.1.3,21UWU
5.1.3,21UWV
5.1.4,20TQT
5.1.4,20UQU
5.1.4,20UQV
5.1.4,21TUN
5.1.4,21TVN
5.1.4,21TWM
5.1.4,21TWN
5.1.4,21TXM
5.1.4,21TXN
5.1.4,21TYM
5.1.4,21TYN
5.1.4,21UUP
5.1.4,21UUQ
5.1.4,21UVP
5.1.4,21UVQ
5.1.4,21UVR
5.1.4,21UVS
5.1.4,21UWP
5.1.4,21UWQ
5.1.4,21UWR
5.1.4,21UWS
5.1.4,21UWT
5.1.4,21UXP
5.1.4,21UXQ
5.1.4,21UXR
5.1.4,21UXS
5.1.4,21UXT
5.1.4,21UYP
5.1.4,21UYQ
5.1.4,21UYR
5.1.4,22TCS
5.1.4,22TCT
5.1.4,22UCU
5.1.4,22UCV
5.1.5,14UMF
5.1.5,14UMG
5.1.5,14UNE
5.1.5,14UNF
5.1.5,14UNG
5.1.5,14UPE
5.1.5,14UPF
5.1.5,14UPG
5.1.5,14UQD
5.1.5,14UQE
5.1.5,14VNH
5.1.5,14VPH
5.1.5,15UUA
5.1.5,15UUB
5.1.5,15UUU
5.1.5,15UUV
5.1.5,15UVA
5.1.5,15UVB
5.1.5,15UVU
5.1.5,15UVV
5.1.5,15UWA
5.1.5,15UWB
5.1.5,15UWT
5.1.5,15UWU
5.1.5,15UWV
5.1.5,15UXA
5.1.5,15UXB
5.1.5,15UXT
5.1.5,15UXU
5.1.5,15UXV
5.1.5,15UYS
5.1.5,15UYT
5.1.5,15UYU
5.1.5,15UYV
5.1.5,15VUC
5.1.5,15VVC
5.1.5,15VWC
5.1.5,16UCB
5.1.5,16UCC
5.1.5,16UCD
5.1.5,16UCE
5.1.5,16UCF
5.1.5,16UDA
5.1.5,16UDB
5.1.5,16UDC
5.1.5,16UDD
5.1.5,16UDE
5.1.5,16UDF
5.1.5,16UEA
5.1.5,16UEB
5.1.5,16UEC
5.1.5,16UED
5.1.5,16UEE
5.1.6,16TET
5.1.6,16TFT
5.1.6,16TGT
5.1.6,16UEA
5.1.6,16UEB
5.1.6,16UEU
5.1.6,16UEV
5.1.6,16UFA
5.1.6,16UFU
5.1.6,16UFV
5.1.6,16UGA
5.1.6,16UGU
5.1.6,16UGV
5.1.6,17TPN
5.1.6,17TQN
5.1.6,17ULP
5.1.6,17ULQ
5.1.6,17ULR
5.1.6,17UMP
5.1.6,17UMQ
5.1.6,17UMR
5.1.6,17UNP
5.1.6,17UNQ
5.1.6,17UNR
5.1.6,17UNS
5.1.6,17UPP
5.1.6,17UPQ
5.1.6,17UPR
5.1.6,17UPS
5.1.6,17UQP
5.1.6,17UQQ
5.1.6,17UQR
5.1.6,17UQS
5.1.6,17UQT
5.1.6,18TUT
5.1.6,18UUA
5.1.6,18UUB
5.1.6,18UUC
5.1.6,18UUU
5.1.6,18UUV
5.1.6,18UVA
5.1.6,18UVB
5.1.6,18UVC
5.1.6,18UVU
5.1.6,18UVV
5.1.6,18UWA
5.1.6,18UWB
5.1.6,18UWC
5.1.6,18UWD
5.1.6,18UWV
5.1.6,18UXA
5.1.6,18UXB
5.1.6,18UXC
5.1.6,18UXD
5.1.6,18UYC
5.1.6,18UYD
5.1.6,19UCT
5.1.6,19UCU
5.1.6,19UDT
5.1.6,19UDU
5.2.1,14TQS
5.2.1,14TQT
5.2.1,14UPA
5.2.1,14UPB
5.2.1,14UPV
5.2.1,14UQA
5.2.1,14UQB
5.2.1,14UQU
5.2.1,14UQV
5.2.1,15TUL
5.2.1,15TUM
5.2.1,15TUN
5.2.1,15TVL
5.2.1,15TVM
5.2.1,15TVN
5.2.1,15TWL
5.2.1,15TWM
5.2.1,15TWN
5.2.1,15TXK
5.2.1,15TXL
5.2.1,15TXM
5.2.1,15TXN
5.2.1,15TYL
5.2.1,15TYM
5.2.1,15TYN
5.2.1,15UUP
5.2.1,15UUQ
5.2.1,15UUR
5.2.1,15UVP
5.2.1,15UVQ
5.2.1,15UVR
5.2.1,15UWP
5.2.1,15UWQ
5.2.1,15UWR
5.2.1,15UXP
5.2.1,15UXQ
5.2.1,15UXR
5.2.1,15UYP
5.2.1,15UYQ
5.2.1,16TCQ
5.2.1,16TCR
5.2.1,16TCS
5.2.1,16TCT
5.2.1,16TDQ
5.2.1,16TDR
5.2.1,16TDS
5.2.1,16TDT
5.2.1,16TEN
5.2.1,16TEP
5.2.1,16TEQ
5.2.1,16TER
5.2.1,16TES
5.2.1,16TFN
5.2.1,16TFP
5.2.1,16TFQ
5.2.1,16TFR
5.2.1,16TFS
5.2.1,16TGP
5.2.1,16TGQ
5.2.1,16TGR
5.2.1,16TGS
5.2.1,16UCU
5.2.1,16UCV
5.2.1,17TLK
5.2.1,17TLL
5.2.1,17TLM
5.2.2,14TQT
5.2.2,14UPA
5.2.2,14UPU
5.2.2,14UPV
5.2.2,14UQA
5.2.2,14UQU
5.2.2,14UQV
5.2.2,15TUN
5.2.2,15TVN
5.2.2,15TWN
5.2.2,15UUP
5.2.2,15UUQ
5.2.2,15UUR
5.2.2,15UVP
5.2.2,15UVQ
5.2.2,15UWP
5.2.3,16TFS
5.2.3,16TFT
5.2.3,16TGS
5.2.3,16TGT
5.2.3,16UFU
5.2.3,16UGU
5.2.3,16UGV
5.2.3,17TLM
5.2.3,17TLN
5.2.3,17TML
5.2.3,17TMM
5.2.3,17TMN
5.2.3,17TNK
5.2.3,17TNL
5.2.3,17TNM
5.2.3,17TNN
5.2.3,17TPK
5.2.3,17TPL
5.2.3,17TPM
5.2.3,17TPN
5.2.3,17TQK
5.2.3,17TQL
5.2.3,17TQM
5.2.3,17TQN
5.2.3,17ULP
5.2.3,17UMP
5.2.3,17UNP
5.2.3,17UPP
5.2.3,17UQP
5.2.3,18TUQ
5.2.3,18TUR
5.2.3,18TUS
5.2.3,18TUT
5.2.3,18TVQ
5.2.3,18TVR
5.2.3,18TVS
5.2.3,18TVT
5.2.3,18TWR
5.2.3,18TWS
5.2.3,18TWT
5.2.3,18TXR
5.2.3,18TXS
5.2.3,18TXT
5.2.3,18TYS
5.2.3,18TYT
5.2.3,18UUU
5.2.3,18UVU
5.2.3,18UVV
5.2.3,18UWU
5.2.3,18UWV
5.2.3,18UXU
5.2.3,18UXV
5.2.3,18UYU
5.2.3,19TCM
5.2.3,19TCN
5.2.3,19TDN
5.2.3,19UCP
5.2.3,19UDP
5.3.1,18TUK
5.3.1,18TVK
5.3.1,18TVL
5.3.1,18TVM
5.3.1,18TVN
5.3.1,18TVP
5.3.1,18TVQ
5.3.1,18TWK
5.3.1,18TWL
5.3.1,18TWM
5.3.1,18TWN
5.3.1,18TWP
5.3.1,18TWQ
5.3.1,18TXL
5.3.1,18TXM
5.3.1,18TXN
5.3.1,18TXP
5.3.1,18TXQ
5.3.1,18TXR
5.3.1,18TYM
5.3.1,18TYN
5.3.1,18TYP
5.3.1,18TYQ
5.3.1,18TYR
5.3.1,18TYS
5.3.1,19TBG
5.3.1,19TCH
5.3.1,19TCJ
5.3.1,19TCK
5.3.1,19TCL
5.3.1,19TCM
5.3.1,19TCN
5.3.1,19TDK
5.3.1,19TDL
5.3.1,19TDM
5.3.1,19TDN
5.3.1,19TEL
5.3.1,19TEM
5.3.1,19TEN
5.3.1,19TFN
5.3.1,19TGJ
5.3.1,19TGK
5.3.1,19UDP
5.3.1,19UEP
5.3.1,19UEQ
5.3.1,19UFP
5.3.1,19UFQ
5.3.1,19UGP
5.3.1,19UGQ
5.3.1,20TLP
5.3.1,20TLQ
5.3.1,20TLR
5.3.1,20TMQ
5.3.1,20TMR
5.3.1,20TNQ
5.3.1,20TNR
5.3.1,20TPQ
5.3.1,20TPR
5.3.1,20TPS
5.3.1,20TPT
5.3.1,20TQP
5.3.1,20TQR
5.3.1,20TQS
5.3.1,20TQT
5.3.1,20ULU
5.3.1,20ULV
5.3.1,20UMU
5.3.1,20UMV
5.3.3,17TNF
5.3.3,17TNG
5.3.3,17TPF
5.3.3,17TPG
5.3.3,17TQF
5.3.3,17TQG
5.3.3,18TTL
5.3.3,18TTM
5.3.3,18TUL
5.3.3,18TUM
5.3.3,18TVL
5.3.3,18TVM
5.3.3,18TWL
5.3.3,18TWM
5.4.1,10UEG
5.4.1,10UFF
5.4.1,10UFG
5.4.1,10VEH
5.4.1,10VFH
5.4.1,10VFJ
5.4.1,11ULA
5.4.1,11ULB
5.4.1,11UMA
5.4.1,11UMB
5.4.1,11UNA
5.4.1,11UNB
5.4.1,11UNV
5.4.1,11UPA
5.4.1,11UPB
5.4.1,11UPT
5.4.1,11UPU
5.4.1,11UPV
5.4.1,11UQT
5.4.1,11UQU
5.4.1,11UQV
5.4.1,11VLC
5.4.1,11VMC
5.4.1,11VMD
5.4.1,11VME
5.4.1,11VMF
5.4.1,11VNC
5.4.1,11VND
5.4.1,11VNE
5.4.1,11VNF
5.4.1,11VPC
5.4.1,11VPD
5.4.1,11VPE
5.4.1,11VPF
5.4.1,12UUD
5.4.1,12UUE
5.4.1,12UUF
5.4.1,12UUG
5.4.1,12UVE
5.4.1,12UVF
5.4.1,12UVG
5.4.1,12UWE
5.4.1,12UWF
5.4.1,12UWG
5.4.1,12UXD
5.4.1,12UXE
5.4.1,12UXF
5.4.1,12UXG
5.4.1,12UYD
5.4.1,12UYE
5.4.1,12VUH
5.4.1,12VUJ
5.4.1,12VUK
5.4.1,12VUL
5.4.1,12VVH
5.4.1,12VVJ
5.4.1,12VVK
5.4.1,12VWH
5.4.1,12VWJ
5.4.1,12VWK
5.4.1,12VXH
5.4.1,12VXJ
5.4.1,12VXK
5.4.1,13UCA
5.4.1,13UCB
5.4.1,13UCU
5.4.1,13UCV
5.4.1,13UDA
5.4.1,13UDB
5.4.1,13UDU
5.4.1,13UDV
5.4.1,13UEA
5.4.1,13UEB
5.4.1,13UET
5.4.1,13UEU
5.4.1,13UEV
5.4.1,13UFS
5.4.1,13UFT
5.4.1,13UFU
5.4.1,13UFV
5.4.1,13UGS
5.4.1,13UGT
5.4.1,13UGU
5.4.1,13UGV
5.4.1,13VCC
5.4.1,14ULA
5.4.1,14ULB
5.4.1,14ULC
5.4.1,14ULD
5.4.1,14ULE
5.4.1,14UMA
5.4.1,14UMB
5.4.2,10UEG
5.4.2,10UFF
5.4.2,10UFG
5.4.2,10UGE
5.4.2,10VDH
5.4.2,10VDJ
5.4.2,10VEH
5.4.2,10VEJ
5.4.2,10VEK
5.4.2,10VFH
5.4.2,10VFJ
5.4.2,10VFK
5.4.2,11ULA
5.4.2,11ULB
5.4.2,11ULV
5.4.2,11UMA
5.4.2,11UMB
5.4.2,11UMU
5.4.2,11UMV
5.4.2,11UNA
5.4.2,11UNB
5.4.2,11UNT
5.4.2,11UNU
5.4.2,11UNV
5.4.2,11UPA
5.4.2,11UPB
5.4.2,11UPR
5.4.2,11UPS
5.4.2,11UPT
5.4.2,11UPU
5.4.2,11UPV
5.4.2,11VLC
5.4.2,11VLD
5.4.2,11VLE
5.4.2,11VMC
5.4.2,11VMD
5.4.2,11VME
5.4.3,13UEA
5.4.3,13UEV
5.4.3,13UFA
5.4.3,13UFU
5.4.3,13UFV
5.4.3,13UGT
5.4.3,13UGU
5.4.3,13UGV
5.4.3,14ULC
5.4.3,14ULD
5.4.3,14ULE
5.4.3,14ULF
5.4.3,14UMB
5.4.3,14UMC
5.4.3,14UMD
5.4.3,14UME
5.4.3,14UMF
5.4.3,14UNA
5.4.3,14UNB
5.4.3,14UNC
5.4.3,14UND
5.4.3,14UNE
5.4.3,14UNF
5.4.3,14UPA
5.4.3,14UPB
5.4.3,14UPC
5.4.3,14UPD
5.4.3,14UPE
6.1.1,04VDR
6.1.1,04VEQ
6.1.1,04VFQ
6.1.1,04VFR
6.1.1,04WDS
6.1.1,04WDT
6.1.1,04WES
6.1.1,04WET
6.1.1,04WEU
6.1.1,04WEV
6.1.1,04WFT
6.1.1,04WFU
6.1.1,04WFV
6.1.1,05VLK
6.1.1,05VLL
6.1.1,05VML
6.1.1,05VNL
6.1.1,05WMM
6.1.1,05WMN
6.1.1,05WMQ
6.1.1,05WNM
6.1.1,05WNN
6.1.1,05WNP
6.1.1,05WNQ
6.1.1,05WPN
6.1.1,05WPP
6.1.1,05WPQ
6.1.1,06VWR
6.1.1,06VXR
6.1.1,06WVA
6.1.1,06WVS
6.1.1,06WVT
6.1.1,06WVU
6.1.1,06WVV
6.1.1,06WWA
6.1.1,06WWS
6.1.1,06WWT
6.1.1,06WWU
6.1.1,06WWV
6.1.1,06WXA
6.1.1,06WXB
6.1.1,06WXS
6.1.1,06WXT
6.1.1,06WXV
6.1.1,07VCL
6.1.1,07VDJ
6.1.1,07VDK
6.1.1,07VDL
6.1.1,07VEJ
6.1.1,07VEK
6.1.1,07VEL
6.1.1,07VFJ
6.1.1,07VFK
6.1.1,07VFL
6.1.1,07WDM
6.1.1,07WDN
6.1.1,07WDQ
6.1.1,07WDR
6.1.1,07WDS
6.1.1,07WEM
6.1.1,07WFM
6.1.1,08VLP
6.1.1,08VLQ
6.1.1,08VLR
6.1.1,08VMP
6.1.1,08VMQ
6.1.2,04VFP
6.1.2,04VFQ
6.1.2,05VLF
6.1.2,05VLG
6.1.2,05VLH
6.1.2,05VLJ
6.1.2,05VLK
6.1.2,05VMF
6.1.2,05VMG
6.1.2,05VMH
6.1.2,05VMJ
6.1.2,05VMK
6.1.2,05VNG
6.1.2,05VNH
6.1.2,05VNJ
6.1.2,05VNK
6.1.2,05VNL
6.1.2,05VPJ
6.1.2,05VPK
6.1.2,05VPL
6.1.2,05WPM
6.1.2,06VUP
6.1.2,06VUQ
6.1.2,06VUR
6.1.2,06VVP
6.1.2,06VVQ
6.1.2,06VVR
6.1.2,06VWP
6.1.2,06VWQ
6.1.2,06VWR
6.1.2,06VXQ
6.1.2,06VXR
6.1.2,06WVS
6.1.2,06WWS
6.1.2,07VCK
6.1.2,07VCL
6.1.2,07VDK
6.1.2,07VDL
6.1.3,06VVP
6.1.3,06VVQ
6.1.3,06VWP
6.1.3,06VWQ
6.1.3,06VXN
6.1.3,06VXP
6.1.3,06VXQ
6.1.3,07VCH
6.1.3,07VCJ
6.1.3,07VCK
6.1.3,07VDH
6.1.3,07VDJ
6.1.4,06VWP
6.1.4,06VXP
6.1.4,06VXQ
6.1.4,07VCH
6.1.4,07VCJ
6.1.4,07VCK
6.1.4,07VDH
6.1.4,07VDJ
6.1.4,07VDK
6.1.4,07VEG
6.1.4,07VEH
6.1.4,07VEJ
6.1.4,07VEK
6.1.4,07VFF
6.1.4,07VFG
6.1.4,07VFH
6.1.4,07VFJ
6.1.4,08VLL
6.1.4,08VLM
6.1.4,08VLN
6.1.4,08VLP
6.1.5,07VEH
6.1.5,07VEJ
6.1.5,07VEK
6.1.5,07VFG
6.1.5,07VFH
6.1.5,07VFJ
6.1.5,07VFK
6.1.5,07VFL
6.1.5,07WEM
6.1.5,07WFM
6.1.5,08VLM
6.1.5,08VLN
6.1.5,08VLP
6.1.5,08VLQ
6.1.5,08VLR
6.1.5,08VMM
6.1.5,08VMN
6.1.5,08VMP
6.1.5,08VMQ
6.1.5,08VMR
6.1.5,08VNM
6.1.5,08VNN
6.1.5,08VNP
6.1.5,08VNQ
6.1.5,08VNR
6.1.5,08VPL
6.1.5,08VPM
6.1.5,08VPN
6.1.5,08VPP
6.1.5,08VPQ
6.1.5,08VPR
6.1.5,08WMS
6.1.5,08WNS
6.1.5,08WPS
6.1.5,09VUF
6.1.5,09VUG
6.1.5,09VUH
6.1.5,09VUJ
6.1.5,09VUK
6.1.5,09VUL
6.1.5,09VVF
6.1.5,09VVG
6.1.5,09VVH
6.1.5,09VVJ
6.1.5,09VVK
6.1.5,09VWF
6.1.5,09VWG
6.1.5,09VWH
6.1.5,09VWJ
6.1.5,09VXF
6.1.5,09VXG
6.1.5,09VXH
6.1.5,09VXJ
6.1.5,10VCL
6.1.5,10VCM
6.1.5,10VCN
6.1.5,10VCP
6.1.5,10VDL
6.1.5,10VDM
6.1.5,10VDN
6.1.6,07VFG
6.1.6,07VFH
6.1.6,08VLL
6.1.6,08VLM
6.1.6,08VLN
6.1.6,08VML
6.1.6,08VMM
6.1.6,08VMN
6.1.6,08VNK
6.1.6,08VNL
6.1.6,08VNM
6.1.6,08VPJ
6.1.6,08VPK
6.1.6,08VPL
6.1.6,08VPM
6.1.6,09VUD
6.1.6,09VUE
6.1.6,09VUF
6.1.6,09VUG
6.1.6,09VVD
6.1.6,09VVE
6.1.6,09VVF
6.1.6,09VVG
6.1.6,09VWC
6.1.6,09VWD
6.1.6,09VWE
6.1.6,09VWF
6.1.6,09VWG
6.1.6,09VXC
6.1.6,09VXD
6.1.6,09VXE
6.1.6,09VXF
6.1.6,09VXG
6.1.6,10VCH
6.1.6,10VCJ
6.1.6,10VCK
6.1.6,10VCL
6.1.6,10VCM
6.1.6,10VDH
6.1.6,10VDJ
6.1.6,10VDK
6.1.6,10VDL
6.1.6,10VEJ
6.2.1,09UWA
6.2.1,09UWB
6.2.1,09UXA
6.2.1,09UXB
6.2.1,09VUC
6.2.1,09VUD
6.2.1,09VVC
6.2.1,09VVD
6.2.1,09VWC
6.2.1,09VWD
6.2.1,09VXC
6.2.1,10UCE
6.2.1,10UCF
6.2.1,10UCG
6.2.1,10UDE
6.2.1,10UDF
6.2.1,10UDG
6.2.1,10UED
6.2.1,10UEE
6.2.1,10UEF
6.2.1,10UEG
6.2.1,10UFE
6.2.1,10UFF
6.2.1,10UFG
6.2.1,10VCH
6.2.1,10VDH
6.2.1,10VDJ
6.2.1,10VEH
6.2.1,10VEJ
6.2.10,11TPJ
6.2.10,11TPK
6.2.10,11TPN
6.2.10,11TQJ
6.2.10,11TQK
6.2.10,11TQL
6.2.10,11TQM
6.2.10,11TQN
6.2.10,12TUP
6.2.10,12TUQ
6.2.10,12TUR
6.2.10,12TUS
6.2.10,12TUT
6.2.10,12TVM
6.2.10,12TVN
6.2.10,12TVP
6.2.10,12TVQ
6.2.10,12TVR
6.2.10,12TVS
6.2.10,12TVT
6.2.10,12TWM
6.2.10,12TWN
6.2.10,12TWP
6.2.10,12TWQ
6.2.10,12TWR
6.2.10,12TWS
6.2.10,12TWT
6.2.10,12TXN
6.2.10,12TXP
6.2.10,12TXQ
6.2.10,12TXR
6.2.10,12TXS
6.2.10,12TXT
6.2.10,12TYN
6.2.10,12TYP
6.2.10,12TYQ
6.2.10,12TYR
6.2.10,12UVV
6.2.10,12UWU
6.2.10,12UXU
6.2.10,13TCJ
6.2.10,13TCK
6.2.10,13TDK
6.2.10,13TEH
6.2.10,13TEJ
6.2.10,13TEK
6.2.10,13TFH
6.2.10,13TFJ
6.2.10,13TFK
6.2.11,10SDJ
6.2.11,10SEJ
6.2.11,10TCM
6.2.11,10TCN
6.2.11,10TDK
6.2.11,10TDL
6.2.11,10TDM
6.2.11,10TDN
6.2.11,10TDP
6.2.11,10TEK
6.2.11,10TEL
6.2.11,10TEM
6.2.11,10TEN
6.2.12,10SFH
6.2.12,10SFJ
6.2.12,10SGG
6.2.12,10SGH
6.2.12,10SGJ
6.2.12,10TEK
6.2.12,10TEL
6.2.12,10TFK
6.2.12,10TFL
6.2.12,10TGK
6.2.12,10TGL
6.2.12,11SKA
6.2.12,11SKB
6.2.12,11SKC
6.2.12,11SKD
6.2.12,11SLA
6.2.12,11SLB
6.2.12,11SLC
6.2.12,11SLV
6.2.12,11SMA
6.2.12,11SMV
6.2.12,11TKE
6.2.12,11TKF
6.2.13,11SQB
6.2.13,12STG
6.2.13,12SUG
6.2.13,12SUH
6.2.13,12SUJ
6.2.13,12SVG
6.2.13,12SVH
6.2.13,12SVJ
6.2.13,12SWG
6.2.13,12SWH
6.2.13,12SWJ
6.2.13,12TVK
6.2.13,12TVL
6.2.13,12TVM
6.2.13,12TVN
6.2.13,12TWK
6.2.13,12TWL
6.2.13,12TXK
6.2.13,12TXL
6.2.14,12SXG
6.2.14,12SXH
6.2.14,12SXJ
6.2.14,12SYG
6.2.14,12SYH
6.2.14,12SYJ
6.2.14,12TYK
6.2.14,12TYL
6.2.14,12TYM
6.2.14,13SBA
6.2.14,13SBB
6.2.14,13SBC
6.2.14,13SBD
6.2.14,13SCA
6.2.14,13SCB
6.2.14,13SCC
6.2.14,13SCD
6.2.14,13SCV
6.2.14,13SDA
6.2.14,13SDB
6.2.14,13SDC
6.2.14,13SDD
6.2.14,13SDV
6.2.14,13SEA
6.2.14,13SEB
6.2.14,13SEC
6.2.14,13SED
6.2.14,13SEV
6.2.14,13SFA
6.2.14,13TBE
6.2.14,13TBF
6.2.14,13TBG
6.2.14,13TCE
6.2.14,13TCF
6.2.14,13TCG
6.2.14,13TCH
6.2.14,13TDE
6.2.14,13TDF
6.2.14,13TDG
6.2.14,13TDH
6.2.14,13TEF
6.2.14,13TEG
6.2.15,11TNH
6.2.15,11TNJ
6.2.15,11TNK
6.2.15,11TNL
6.2.15,11TNM
6.2.15,11TPH
6.2.15,11TPJ
6.2.15,11TPK
6.2.15,11TPL
6.2.15,11TPM
6.2.15,11TQH
6.2.15,11TQJ
6.2.15,11TQK
6.2.15,11TQL
6.2.15,11TQM
6.2.15,12TUR
6.2.15,12TUS
6.2.2,09UWA
6.2.2,09UWB
6.2.2,09UWV
6.2.2,09UXA
6.2.2,09UXB
6.2.2,09UXU
6.2.2,09UXV
6.2.2,09UYS
6.2.2,09UYT
6.2.2,09UYU
6.2.2,09UYV
6.2.2,10UCB
6.2.2,10UCC
6.2.2,10UCD
6.2.2,10UCE
6.2.2,10UCF
6.2.2,10UDB
6.2.2,10UDC
6.2.2,10UDD
6.2.2,10UDE
6.2.2,10UDF
6.2.2,10UEB
6.2.2,10UEC
6.2.2,10UED
6.2.2,10UEE
6.2.2,10UFB
6.2.2,10UFC
6.2.2,10UFD
6.2.3,10UED
6.2.3,10UEE
6.2.3,10UFC
6.2.3,10UFD
6.2.3,10UFE
6.2.3,10UGA
6.2.3,10UGB
6.2.3,10UGC
6.2.3,10UGD
6.2.3,10UGE
6.2.3,10UGU
6.2.3,10UGV
6.2.3,11TLN
6.2.3,11TMM
6.2.3,11TMN
6.2.3,11TNL
6.2.3,11TNM
6.2.3,11TNN
6.2.3,11TPM
6.2.3,11TPN
6.2.3,11TQM
6.2.3,11TQN
6.2.3,11ULP
6.2.3,11ULQ
6.2.3,11ULR
6.2.3,11ULS
6.2.3,11ULT
6.2.3,11ULU
6.2.3,11ULV
6.2.3,11UMP
6.2.3,11UMQ
6.2.3,11UMR
6.2.3,11UMS
6.2.3,11UMT
6.2.3,11UNP
6.2.3,11UNQ
6.2.3,11UNR
6.2.3,11UNS
6.2.3,11UPP
6.2.3,11UPQ
6.2.3,11UQP
6.2.3,12TUT
6.2.4,10UEE
6.2.4,10UEF
6.2.4,10UFD
6.2.4,10UFE
6.2.4,10UFF
6.2.4,10UGC
6.2.4,10UGD
6.2.4,10UGE
6.2.4,11TQN
6.2.4,11ULA
6.2.4,11ULT
6.2.4,11ULU
6.2.4,11ULV
6.2.4,11UMA
6.2.4,11UMS
6.2.4,11UMT
6.2.4,11UMU
6.2.4,11UMV
6.2.4,11UNQ
6.2.4,11UNR
6.2.4,11UNS
6.2.4,11UNT
6.2.4,11UNU
6.2.4,11UPP
6.2.4,11UPQ
6.2.4,11UPR
6.2.4,11UPS
6.2.4,11UPT
6.2.4,11UQP
6.2.4,11UQQ
6.2.4,11UQR
6.2.4,12TUT
6.2.4,12UUU
6.2.4,12UUV
6.2.5,10TDT
6.2.5,10TET
6.2.5,10TFT
6.2.5,10TGT
6.2.5,10UDU
6.2.5,10UEU
6.2.5,10UEV
6.2.5,10UFA
6.2.5,10UFU
6.2.5,10UFV
6.2.5,10UGU
6.2.5,10UGV
6.2.5,11ULP
6.2.5,11ULQ
6.2.6,12UVA
6.2.6,12UVV
6.2.6,12UWA
6.2.6,12UWV
6.2.6,12UXA
6.2.6,12UXV
6.2.7,10TDN
6.2.7,10TDP
6.2.7,10TDQ
6.2.7,10TEL
6.2.7,10TEM
6.2.7,10TEN
6.2.7,10TEP
6.2.7,10TEQ
6.2.7,10TER
6.2.7,10TES
6.2.7,10TET
6.2.7,10TFP
6.2.7,10TFQ
6.2.7,10TFR
6.2.7,10TFS
6.2.7,10TFT
6.2.8,10TEL
6.2.8,10TEM
6.2.8,10TEN
6.2.8,10TEP
6.2.8,10TEQ
6.2.8,10TER
6.2.8,10TES
6.2.8,10TFK
6.2.8,10TFL
6.2.8,10TFM
6.2.8,10TFN
6.2.8,10TFP
6.2.8,10TFQ
6.2.8,10TFR
6.2.8,10TFS
6.2.8,10TFT
6.2.8,10TGL
6.2.8,10TGM
6.2.8,10TGN
6.2.8,10TGR
6.2.8,10TGS
6.2.8,10TGT
6.2.8,11TKF
6.2.8,11TKG
6.2.9,10TFP
6.2.9,10TFQ
6.2.9,10TFR
6.2.9,10TGP
6.2.9,10TGQ
6.2.9,10TGR
6.2.9,11TLJ
6.2.9,11TLK
6.2.9,11TLL
6.2.9,11TMJ
6.2.9,11TMK
6.2.9,11TML
6.2.9,11TMM
6.2.9,11TNK
6.2.9,11TNL
6.2.9,11TNM
7.1.1,02VNH
7.1.1,02VNJ
7.1.1,03VXE
7.1.1,03VXF
7.1.1,03VXG
7.1.1,03VXH
7.1.1,04VCK
7.1.1,04VCL
7.1.1,04VCM
7.1.1,04VCN
7.1.1,04VDL
7.1.1,04VDM
7.1.1,04VDN
7.1.1,04VDP
7.1.1,04VEL
7.1.1,04VEM
7.1.1,04VEN
7.1.1,04VEP
7.1.2,03UVA
7.1.2,03UWA
7.1.2,03UWB
7.1.2,03UXA
7.1.2,03UXB
7.1.2,04UCG
7.1.2,04UDF
7.1.2,04UDG
7.1.2,04UEG
7.1.2,04UFG
7.1.2,04VCH
7.1.2,04VDH
7.1.2,04VEH
7.1.2,04VEJ
7.1.2,04VFH
7.1.2,04VFJ
7.1.2,04VFK
7.1.2,04VFL
7.1.2,05ULB
7.1.2,05VLC
7.1.2,05VLD
7.1.2,05VLE
7.1.2,05VLF
7.1.2,05VMC
7.1.2,05VMD
7.1.2,05VME
7.1.2,05VMF
7.1.2,05VND
7.1.2,05VNE
7.1.3,05VNG
7.1.3,05VNH
7.1.3,05VNJ
7.1.3,05VNK
7.1.3,05VPG
7.1.3,05VPH
7.1.3,05VPJ
7.1.3,05VPK
7.1.3,06VUM
7.1.3,06VUN
7.1.3,06VUP
7.1.3,06VUQ
7.1.3,06VVP
7.1.4,05VNF
7.1.4,05VNG
7.1.4,05VPF
7.1.4,05VPG
7.1.4,05VPH
7.1.4,05VPJ
7.1.4,06VUM
7.1.4,06VUN
7.1.4,06VUP
7.1.4,06VVM
7.1.4,06VVN
7.1.4,06VVP
7.1.4,06VWN
7.1.4,06VWP
7.1.4,06VXM
7.1.4,06VXN
7.1.4,06VXP
7.1.4,07VCG
7.1.4,07VCH
7.1.4,07VCJ
7.1.4,07VDG
7.1.4,07VDH
7.1.4,07VEG
7.1.4,07VEH
7.1.4,07VFE
7.1.4,07VFF
7.1.4,07VFG
7.1.4,07VFH
7.1.4,08VLK
7.1.4,08VLL
7.1.4,08VLM
7.1.4,08VMH
7.1.4,08VMJ
7.1.4,08VMK
7.1.4,08VML
7.1.4,08VMM
7.1.4,08VNH
7.1.4,08VNJ
7.1.4,08VNK
7.1.4,08VNL
7.1.4,08VNM
7.1.4,08VPH
7.1.4,08VPJ
7.1.4,08VPK
7.1.4,08VPL
7.1.4,09UUA
7.1.4,09UUB
7.1.4,09UVA
7.1.4,09UVB
7.1.4,09VUC
7.1.4,09VUD
7.1.4,09VUE
7.1.4,09VVC
7.1.5,05VME
7.1.5,05VNE
7.1.5,05VNF
7.1.5,05VNG
7.1.5,05VPF
7.1.5,05VPG
7.1.5,06VUL
7.1.5,06VUM
7.1.5,06VVM
7.1.5,06VVN
7.1.5,06VWM
7.1.5,06VWN
7.1.5,06VXM
7.1.5,06VXN
7.1.5,07VCG
7.1.5,07VCH
7.1.5,07VDG
7.1.5,07VEF
7.1.5,07VEG
7.1.5,07VFE
7.1.5,07VFF
7.1.5,07VFG
7.1.5,08UNF
7.1.5,08UNG
7.1.5,08UPD
7.1.5,08UPE
7.1.5,08UPF
7.1.5,08UPG
7.1.5,08UQC
7.1.5,08UQD
7.1.5,08UQE
7.1.5,08VLK
7.1.5,08VLL
7.1.5,08VMH
7.1.5,08VMJ
7.1.5,08VMK
7.1.5,08VML
7.1.5,08VNH
7.1.5,08VNJ
7.1.5,08VNK
7.1.5,08VNL
7.1.5,08VPH
7.1.5,08VPJ
7.1.5,08VPK
7.1.5,09UUA
7.1.5,09UUB
7.1.5,09UUT
7.1.5,09UUU
7.1.5,09UUV
7.1.5,09UVA
7.1.5,09UVB
7.1.5,09UVU
7.1.5,09UVV
7.1.5,09UWR
7.1.5,09UWS
7.1.5,09UWT
7.1.5,09UWU
7.1.5,09UWV
7.1.5,09UXQ
7.1.5,09UXR
7.1.5,09UXS
7.1.5,09UXT
7.1.5,09UYP
7.1.5,09UYQ
7.1.5,09UYR
7.1.5,09UYS
7.1.5,09VUC
7.1.5,09VUD
7.1.5,10UCA
7.1.5,10UCU
7.1.5,10UCV
7.1.5,10UDU
7.1.5,10UDV
7.1.6,09UVA
7.1.6,09UVB
7.1.6,09UVU
7.1.6,09UVV
7.1.6,09UWA
7.1.6,09UWB
7.1.6,09UWT
7.1.6,09UWU
7.1.6,09UWV
7.1.6,09UXA
7.1.6,09UXB
7.1.6,09UXR
7.1.6,09UXS
7.1.6,09UXT
7.1.6,09UXU
7.1.6,09UXV
7.1.6,09UYR
7.1.6,09UYS
7.1.6,09UYT
7.1.6,09UYU
7.1.6,09VVC
7.1.6,09VWC
7.1.6,10UCA
7.1.6,10UCB
7.1.6,10UCC
7.1.6,10UCD
7.1.6,10UDA
7.1.6,10UDB
7.1.6,10UDV
7.1.6,10UEA
7.1.6,10UEB
7.1.6,10UEV
7.1.6,10UFA
7.1.6,10UFV
7.1.7,09UXR
7.1.7,09UYQ
7.1.7,09UYR
7.1.7,10TDR
7.1.7,10TDS
7.1.7,10TDT
7.1.7,10TER
7.1.7,10TES
7.1.7,10TET
7.1.7,10TFT
7.1.7,10UCA
7.1.7,10UCU
7.1.7,10UCV
7.1.7,10UDA
7.1.7,10UDU
7.1.7,10UDV
7.1.7,10UEU
7.1.7,10UEV
7.1.7,10UFU
7.1.8,10SDH
7.1.8,10SDJ
7.1.8,10SEF
7.1.8,10SEG
7.1.8,10SEH
7.1.8,10SFF
7.1.8,10SFG
7.1.8,10TCK
7.1.8,10TCL
7.1.8,10TCM
7.1.8,10TCN
7.1.8,10TCP
7.1.8,10TCT
7.1.8,10TDK
7.1.8,10TDL
7.1.8,10TDM
7.1.8,10TDN
7.1.8,10TDP
7.1.8,10TDQ
7.1.8,10TDR
7.1.8,10TDS
7.1.8,10TDT
7.1.8,10TER
7.1.8,10TES
7.1.8,10TET
7.1.8,10UCU
7.1.8,10UDU
7.1.8,10UEU
7.1.9,10TDP
7.1.9,10TDQ
7.1.9,10TDR
7.1.9,10TDS
7.1.9,10TEP
7.1.9,10TEQ
7.1.9,10TER
7.1.9,10TES
8.1.1,16TGR
8.1.1,16TGS
8.1.1,17TLF
8.1.1,17TLG
8.1.1,17TLL
8.1.1,17TLM
8.1.1,17TMF
8.1.1,17TMG
8.1.1,17TMH
8.1.1,17TMJ
8.1.1,17TMK
8.1.1,17TML
8.1.1,17TMM
8.1.1,17TNG
8.1.1,17TNH
8.1.1,17TNJ
8.1.1,17TNK
8.1.1,17TPG
8.1.1,17TPH
8.1.1,17TPJ
8.1.1,17TPK
8.1.1,17TQH
8.1.1,17TQJ
8.1.1,17TQK
8.1.1,17TQL
8.1.1,18TUN
8.1.1,18TUP
8.1.1,18TUQ
8.1.1,18TUR
8.1.1,18TVN
8.1.1,18TVP
8.1.1,18TVQ
8.1.1,18TVR
8.1.1,18TWN
8.1.1,18TWQ
8.1.1,18TWR
8.1.1,18TWS
8.1.1,18TXP
8.1.1,18TXQ
8.1.1,18TXR
8.1.1,18TXS
8.1.1,18TXT
8.1.1,18TYR
8.1.1,18TYS
8.1.1,18TYT
8.1.1,19TCM
8.1.1,19TCN
8.1.1,19TDN
8.1.10,17SLD
8.1.10,17TLE
8.1.10,17TLF
8.1.10,17TME
8.1.10,17TMF
8.1.10,17TMG
8.1.10,17TNF
8.1.10,17TNG
8.1.10,17TPF
8.1.10,17TPG
8.1.10,17TPH
8.1.2,17TLG
8.1.2,17TLH
8.1.2,17TMG
8.1.2,17TMH
8.1.2,17TMJ
8.1.2,17TNH
8.1.2,17TNJ
8.1.2,17TPH
8.1.2,17TPJ
8.1.3,17TPG
8.1.3,17TPH
8.1.3,17TQG
8.1.3,17TQH
8.1.3,18TTL
8.1.3,18TTM
8.1.3,18TUL
8.1.3,18TUM
8.1.3,18TUN
8.1.3,18TVL
8.1.3,18TVM
8.1.3,18TVN
8.1.3,18TWM
8.1.3,18TWN
8.1.4,14TPS
8.1.4,14TPT
8.1.4,14TQR
8.1.4,14TQS
8.1.4,14TQT
8.1.4,14UQU
8.1.4,15TUK
8.1.4,15TUL
8.1.4,15TUM
8.1.4,15TUN
8.1.4,15TVJ
8.1.4,15TVK
8.1.4,15TVL
8.1.4,15TVM
8.1.4,15TWK
8.1.4,15TWL
8.1.4,15TWM
8.1.4,15TXJ
8.1.4,15TXK
8.1.4,15TXL
8.1.4,15TYJ
8.1.4,15TYK
8.1.4,15TYL
8.1.4,16TCP
8.1.4,16TCQ
8.1.4,16TCR
8.1.4,16TDQ
8.1.4,16TDR
8.1.4,16TEP
8.1.4,16TEQ
8.1.4,16TER
8.1.4,16TFQ
8.1.4,16TFR
8.1.5,15TVK
8.1.5,15TWH
8.1.5,15TWJ
8.1.5,15TWK
8.1.5,15TXG
8.1.5,15TXH
8.1.5,15TXJ
8.1.5,15TXK
8.1.5,15TYG
8.1.5,15TYH
8.1.5,15TYJ
8.1.5,16TBM
8.1.6,16TDL
8.1.6,16TDM
8.1.6,16TEL
8.1.6,16TEM
8.1.6,16TEN
8.1.6,16TEP
8.1.6,16TEQ
8.1.6,16TFL
8.1.6,16TFM
8.1.6,16TFN
8.1.6,16TFP
8.1.6,16TGM
8.1.6,16TGN
8.1.6,16TGP
8.1.6,17TKG
8.1.6,17TLH
8.1.6,17TLJ
8.1.7,18TWK
8.1.7,18TWL
8.1.7,18TWM
8.1.7,18TWN
8.1.7,18TWP
8.1.7,18TXK
8.1.7,18TXL
8.1.7,18TXM
8.1.7,18TXN
8.1.7,18TXP
8.1.7,18TYL
8.1.7,18TYM
8.1.7,18TYN
8.1.7,18TYP
8.1.7,19TBF
8.1.7,19TBG
8.1.7,19TCF
8.1.7,19TCG
8.1.7,19TCH
8.1.7,19TCJ
8.1.7,19TDJ
8.1.8,19TCJ
8.1.8,19TCK
8.1.8,19TDJ
8.1.8,19TDK
8.1.8,19TDL
8.1.8,19TDM
8.1.8,19TDN
8.1.8,19TEJ
8.1.8,19TEK
8.1.8,19TEL
8.1.8,19TEM
8.1.8,19TEN
8.1.8,19TFK
8.1.8,19TFL
8.1.8,19TFM
8.1.8,19TFN
8.1.8,19TGK
8.1.8,19TGL
8.1.8,19TGM
8.1.8,19TGN
8.1.8,19UEP
8.1.8,19UFP
8.1.8,19UGP
8.1.8,20TLQ
8.1.8,20TLR
8.1.8,20TLS
8.1.8,20TMQ
8.1.8,20TMR
8.1.8,20TNQ
8.1.8,20TNR
8.1.9,19TFL
8.1.9,19TFM
8.1.9,19TGL
8.1.9,19TGM
8.1.9,19TGN
8.1.9,19UGP
8.1.9,20TLR
8.1.9,20TLS
8.1.9,20TLT
8.1.9,20TMR
8.1.9,20TMS
8.1.9,20TMT
8.1.9,20TNR
8.1.9,20TNS
8.1.9,20TNT
8.1.9,20TPT
8.1.9,20ULU
8.1.9,20UPU
8.2.1,15TYG
8.2.1,15TYH
8.2.1,15TYJ
8.2.1,16TBM
8.2.1,16TCM
8.2.1,16TCN
8.2.1,16TCP
8.2.1,16TCQ
8.2.1,16TDM
8.2.1,16TDN
8.2.1,16TDP
8.2.1,16TDQ
8.2.2,16TFL
8.2.2,16TFM
8.2.2,16TFN
8.2.2,16TFP
8.2.2,16TGL
8.2.2,16TGM
8.2.2,16TGN
8.2.2,16TGP
8.2.2,17TKF
8.2.2,17TKG
8.2.2,17TLF
8.2.2,17TLG
8.2.2,17TLH
8.2.2,17TLJ
8.2.3,15SYD
8.2.3,15TXF
8.2.3,15TYE
8.2.3,15TYF
8.2.3,15TYG
8.2.3,15TYH
8.2.3,16SBJ
8.2.3,16SCJ
8.2.3,16SDJ
8.2.3,16TBK
8.2.3,16TBL
8.2.3,16TBM
8.2.3,16TCK
8.2.3,16TCL
8.2.3,16TCM
8.2.3,16TCN
8.2.3,16TDK
8.2.3,16TDL
8.2.3,16TDM
8.2.3,16TDN
8.2.3,16TEK
8.2.3,16TEL
8.2.3,16TEM
8.2.4,16SDJ
8.2.4,16SEH
8.2.4,16SEJ
8.2.4,16SFH
8.2.4,16SFJ
8.2.4,16SGH
8.2.4,16SGJ
8.2.4,16TDK
8.2.4,16TDL
8.2.4,16TEK
8.2.4,16TEL
8.2.4,16TFK
8.2.4,16TFL
8.2.4,16TFM
8.2.4,16TGK
8.2.4,16TGL
8.2.4,16TGM
8.2.4,16TGN
8.2.4,17SKC
8.2.4,17SKD
8.2.4,17SLD
8.2.4,17TKE
8.2.4,17TKF
8.2.4,17TKG
8.2.4,17TLE
8.2.4,17TLF
8.2.4,17TMF
8.3.1,17SPB
8.3.1,17SPC
8.3.1,17SQB
8.3.1,17SQC
8.3.1,17SQD
8.3.1,17TQE
8.3.1,18STH
8.3.1,18STJ
8.3.1,18SUH
8.3.1,18SUJ
8.3.1,18SVJ
8.3.1,18TTK
8.3.1,18TUK
8.3.1,18TVK
8.3.1,18TVL
8.3.1,18TWK
8.3.1,18TWL
8.3.2,15SVC
8.3.2,15SVD
8.3.2,15SWC
8.3.2,15SWD
8.3.2,15SXC
8.3.2,15SXD
8.3.2,15SYB
8.3.2,15SYC
8.3.2,15SYD
8.3.2,15TWE
8.3.2,15TXE
8.3.2,15TXF
8.3.2,15TXG
8.3.2,15TYE
8.3.2,15TYF
8.3.2,15TYG
8.3.2,16SBF
8.3.2,16SBG
8.3.2,16SBH
8.3.2,16SBJ
8.3.2,16SCF
8.3.2,16SCG
8.3.2,16SCH
8.3.2,16SCJ
8.3.2,16SDF
8.3.2,16SDG
8.3.2,16SDH
8.3.2,16SDJ
8.3.2,16SEF
8.3.2,16SEG
8.3.2,16SEH
8.3.2,16SEJ
8.3.2,16SFG
8.3.2,16TBK
8.3.2,16TBL
8.3.2,16TBM
8.3.2,16TCL
8.3.2,16TDK
8.3.2,16TEK
8.3.3,16SBG
8.3.3,16SCD
8.3.3,16SCE
8.3.3,16SCF
8.3.3,16SCG
8.3.3,16SDC
8.3.3,16SDD
8.3.3,16SDE
8.3.3,16SDF
8.3.3,16SDG
8.3.3,16SDH
8.3.3,16SDJ
8.3.3,16SEC
8.3.3,16SED
8.3.3,16SEE
8.3.3,16SEF
8.3.3,16SEG
8.3.3,16SEH
8.3.3,16SEJ
8.3.3,16SFE
8.3.3,16SFF
8.3.3,16SFG
8.3.3,16SFH
8.3.3,16SFJ
8.3.3,16SGF
8.3.3,16SGG
8.3.3,16SGH
8.3.3,16SGJ
8.3.3,16TDK
8.3.3,16TEK
8.3.3,17SKB
8.3.3,17SKC
8.3.3,17SKD
8.3.4,16SEB
8.3.4,16SEC
8.3.4,16SFA
8.3.4,16SFB
8.3.4,16SFC
8.3.4,16SGB
8.3.4,16SGC
8.3.4,16SGD
8.3.4,17SKS
8.3.4,17SKT
8.3.4,17SKU
8.3.4,17SLS
8.3.4,17SLT
8.3.4,17SLU
8.3.4,17SLV
8.3.4,17SMA
8.3.4,17SMT
8.3.4,17SMU
8.3.4,17SMV
8.3.4,17SNA
8.3.4,17SNB
8.3.4,17SNT
8.3.4,17SNU
8.3.4,17SNV
8.3.4,17SPA
8.3.4,17SPB
8.3.4,17SPC
8.3.4,17SPU
8.3.4,17SPV
8.3.4,17SQA
8.3.4,17SQB
8.3.4,17SQC
8.3.4,17SQD
8.3.4,17SQV
8.3.4,18STE
8.3.4,18STF
8.3.4,18STG
8.3.4,18STH
8.3.4,18STJ
8.3.4,18SUH
8.3.4,18SUJ
8.3.5,15RXP
8.3.5,15RXQ
8.3.5,15RYP
8.3.5,15RYQ
8.3.5,15SYR
8.3.5,15SYS
8.3.5,15SYT
8.3.5,15SYU
8.3.5,16RBU
8.3.5,16RBV
8.3.5,16RCU
8.3.5,16RCV
8.3.5,16RDU
8.3.5,16RDV
8.3.5,16REU
8.3.5,16REV
8.3.5,16RFU
8.3.5,16RFV
8.3.5,16RGU
8.3.5,16RGV
8.3.5,16SBA
8.3.5,16SBB
8.3.5,16SBC
8.3.5,16SBD
8.3.5,16SBE
8.3.5,16SCA
8.3.5,16SCB
8.3.5,16SCC
8.3.5,16SCD
8.3.5,16SCE
8.3.5,16SCF
8.3.5,16SDA
8.3.5,16SDB
8.3.5,16SDC
8.3.5,16SDD
8.3.5,16SDE
8.3.5,16SDF
8.3.5,16SEA
8.3.5,16SEB
8.3.5,16SFA
8.3.5,16SFB
8.3.5,16SGA
8.3.5,16SGB
8.3.5,17RKP
8.3.5,17RKQ
8.3.5,17RLP
8.3.5,17RLQ
8.3.5,17SKR
8.3.5,17SKS
8.3.5,17SLR
8.3.5,17SLS
8.3.5,17SLT
8.3.5,17SMR
8.3.5,17SMS
8.3.5,17SMT
8.3.5,17SNS
8.3.5,17SNT
8.3.5,17SNU
8.3.5,17SPT
8.3.5,17SPU
8.3.5,17SPV
8.3.5,17SQA
8.3.5,17SQB
8.3.5,17SQC
8.3.5,17SQT
8.3.5,17SQU
8.3.5,17SQV
8.3.5,18STD
8.3.5,18STE
8.3.5,18STF
8.3.5,18STG
8.3.5,18STH
8.3.5,18STJ
8.3.5,18SUF
8.3.5,18SUG
8.3.5,18SUH
8.3.5,18SUJ
8.3.5,18SVJ
8.3.5,18TVK
8.3.6,15RXP
8.3.6,15RXQ
8.3.6,15RYP
8.3.6,15RYQ
8.3.6,15SXA
8.3.6,15SXR
8.3.6,15SXS
8.3.6,15SXU
8.3.6,15SXV
8.3.6,15SYA
8.3.6,15SYB
8.3.6,15SYR
8.3.6,15SYS
8.3.6,15SYT
8.3.6,15SYU
8.3.6,15SYV
8.3.6,16SBA
8.3.6,16SBB
8.3.6,16SBC
8.3.6,16SBD
8.3.6,16SBE
8.3.6,16SBF
8.3.6,16SBG
8.3.6,16SCD
8.3.6,16SCE
8.3.6,16SCF
8.3.6,16SCG
8.3.7,14RQU
8.3.7,14RQV
8.3.7,14SQA
8.3.7,14SQC
8.3.7,14SQD
8.3.7,15RTP
8.3.7,15RTQ
8.3.7,15RUP
8.3.7,15RUQ
8.3.7,15RVP
8.3.7,15RVQ
8.3.7,15RWP
8.3.7,15RWQ
8.3.7,15STR
8.3.7,15STS
8.3.7,15STT
8.3.7,15STU
8.3.7,15SUR
8.3.7,15SUS
8.3.7,15SUT
8.3.7,15SVR
8.3.7,15SVS
8.3.7,15SVT
8.3.7,15SVU
8.3.7,15SWR
8.3.7,15SWS
8.3.7,15SWT
8.3.7,15SWU
8.3.7,15SXR
8.3.7,15SXS
8.3.7,15SXT
8.3.8,14RNS
8.3.8,14RNT
8.3.8,14RPS
8.3.8,14RPT
8.3.8,14RPU
8.3.8,14RPV
8.3.8,14RQT
8.3.8,14RQU
8.3.8,14RQV
8.3.8,14SQA
8.3.8,14SQB
8.3.8,14SQC
8.3.8,15RTP
8.3.8,15RTQ
8.3.8,15STR
8.3.8,15STS
8.3.8,15STT
8.3.8,15SUS
8.3.8,15SUT
8.4.1,16SDB
8.4.1,16SDC
8.4.1,16SEB
8.4.1,16SEC
8.4.1,16SED
8.4.1,16SFC
8.4.1,16SFD
8.4.1,16SFE
8.4.1,16SGC
8.4.1,16SGD
8.4.1,16SGE
8.4.1,16SGF
8.4.1,17SKA
8.4.1,17SKV
8.4.1,17SLA
8.4.1,17SLB
8.4.1,17SLV
8.4.1,17SMA
8.4.1,17SMB
8.4.1,17SNA
8.4.1,17SNB
8.4.1,17SNC
8.4.1,17SND
8.4.1,17SPB
8.4.1,17SPC
8.4.1,17SPD
8.4.1,17SQC
8.4.1,17SQD
8.4.1,17TPE
8.4.1,17TQE
8.4.1,17TQF
8.4.1,18STH
8.4.1,18STJ
8.4.1,18TTK
8.4.1,18TTL
8.4.1,18TUK
8.4.1,18TUL
8.4.1,18TVK
8.4.1,18TVL
8.4.1,18TVM
8.4.1,18TWL
8.4.1,18TWM
8.4.2,16SGE
8.4.2,16SGF
8.4.2,16SGG
8.4.2,17SKA
8.4.2,17SKB
8.4.2,17SKV
8.4.2,17SLA
8.4.2,17SLB
8.4.2,17SLC
8.4.2,17SMA
8.4.2,17SMB
8.4.2,17SMC
8.4.2,17SNB
8.4.2,17SNC
8.4.2,17SND
8.4.2,17SPC
8.4.2,17SPD
8.4.2,17TNE
8.4.2,17TPE
8.4.2,17TPF
8.4.2,17TQE
8.4.2,17TQF
8.4.2,18TTK
8.4.2,18TTL
8.4.3,16SGG
8.4.3,16SGH
8.4.3,17SKB
8.4.3,17SKC
8.4.3,17SKD
8.4.3,17SLB
8.4.3,17SLC
8.4.3,17SLD
8.4.3,17SMC
8.4.3,17SMD
8.4.3,17SNC
8.4.3,17SND
8.4.3,17SPD
8.4.3,17TLE
8.4.3,17TLF
8.4.3,17TME
8.4.3,17TMF
8.4.3,17TNE
8.4.3,17TNF
8.4.3,17TPE
8.4.3,17TPF
8.4.4,16SFC
8.4.4,16SFD
8.4.4,16SGC
8.4.4,16SGD
8.4.4,16SGE
8.4.4,17SKU
8.4.4,17SKV
8.4.4,17SLA
8.4.4,17SLU
8.4.4,17SLV
8.4.4,17SMA
8.4.4,17SMV
8.4.4,17SNA
8.4.4,17SNB
8.4.4,17SNV
8.4.4,17SPB
8.4.4,17SPC
8.4.4,17SQB
8.4.4,17SQC
8.4.4,17SQD
8.4.4,17TQE
8.4.4,18STH
8.4.4,18STJ
8.4.4,18TTK
8.4.4,18TUK
8.4.5,15STA
8.4.5,15STV
8.4.5,15SUA
8.4.5,15SUB
8.4.5,15SUV
8.4.5,15SVA
8.4.5,15SVB
8.4.5,15SVC
8.4.5,15SVD
8.4.5,15SVV
8.4.5,15SWA
8.4.5,15SWB
8.4.5,15SWC
8.4.5,15SWD
8.4.5,15SWV
8.4.5,15SXA
8.4.5,15SXB
8.4.5,15SXC
8.4.5,15SXV
8.4.5,15SYA
8.4.5,15SYB
8.4.5,15SYC
8.4.5,16SBF
8.4.5,16SBG
8.4.5,16SBH
8.4.6,15STV
8.4.6,15SUA
8.4.6,15SUV
8.4.6,15SVA
8.4.6,15SVV
8.4.6,15SWV
8.4.6,15SXV
8.4.7,14SQD
8.4.7,14SQE
8.4.7,15STU
8.4.7,15STV
8.4.7,15SUU
8.4.7,15SUV
8.4.7,15SVU
8.4.7,15SVV
8.4.7,15SWU
8.4.7,15SWV
8.4.7,15SXU
8.4.7,15SXV
8.4.8,14SQC
8.4.8,14SQD
8.4.8,15STT
8.4.8,15STU
8.4.8,15SUT
8.4.8,15SUU
8.4.8,15SVT
8.4.8,15SVU
8.4.8,15SWT
8.4.8,15SWU
8.4.9,16SDB
8.4.9,16SDC
8.4.9,16SDD
8.4.9,16SEB
8.4.9,16SEC
8.4.9,16SED
8.4.9,16SEE
8.4.9,16SFC
8.4.9,16SFD
8.4.9,16SFE
8.4.9,16SFF
8.4.9,16SFG
8.4.9,16SGE
8.4.9,16SGF
8.4.9,16SGG
8.4.9,17SKA
8.4.9,17SKB
8.5.1,17SMR
8.5.1,17SMS
8.5.1,17SMT
8.5.1,17SNR
8.5.1,17SNS
8.5.1,17SNT
8.5.1,17SPS
8.5.1,17SPT
8.5.1,17SPU
8.5.1,17SQA
8.5.1,17SQT
8.5.1,17SQU
8.5.1,17SQV
8.5.1,18STC
8.5.1,18STD
8.5.1,18STE
8.5.1,18STF
8.5.1,18STH
8.5.1,18SUD
8.5.1,18SUE
8.5.1,18SUF
8.5.1,18SUG
8.5.1,18SUH
8.5.1,18SUJ
8.5.1,18SVD
8.5.1,18SVE
8.5.1,18SVF
8.5.1,18SVG
8.5.1,18SVH
8.5.1,18SVJ
8.5.1,18SWJ
8.5.1,18TVK
8.5.1,18TWK
8.5.2,15RWN
8.5.2,15RWP
8.5.2,15RWQ
8.5.2,15RXN
8.5.2,15RXP
8.5.2,15RXQ
8.5.2,15RYN
8.5.2,15RYP
8.5.2,15SWR
8.5.2,15SWS
8.5.2,15SWT
8.5.2,15SWU
8.5.2,15SWV
8.5.2,15SXA
8.5.2,15SXR
8.5.2,15SXS
8.5.2,15SXT
8.5.2,15SXU
8.5.2,15SXV
8.5.2,15SYA
8.5.2,15SYB
8.5.2,15SYR
8.5.2,15SYS
8.5.2,15SYT
8.5.2,15SYU
8.5.2,15SYV
8.5.2,16RBT
8.5.2,16RBU
8.5.2,16RCT
8.5.2,16RCU
8.5.2,16SBB
8.5.2,16SBC
8.5.2,16SBD
8.5.2,16SBE
8.5.2,16SBF
8.5.2,16SBG
8.5.2,16SCF
8.5.2,16SCG
8.5.3,15RYP
8.5.3,15RYQ
8.5.3,16RBU
8.5.3,16RBV
8.5.3,16RCU
8.5.3,16RCV
8.5.3,16RDU
8.5.3,16RDV
8.5.3,16REU
8.5.3,16REV
8.5.3,16RFT
8.5.3,16RFU
8.5.3,16RFV
8.5.3,16RGT
8.5.3,16RGU
8.5.3,17RKN
8.5.3,17RKP
8.5.3,17RKQ
8.5.3,17RLK
8.5.3,17RLL
8.5.3,17RLM
8.5.3,17RLN
8.5.3,17RLP
8.5.3,17RLQ
8.5.3,17RMJ
8.5.3,17RMK
8.5.3,17RML
8.5.3,17RMM
8.5.3,17RMN
8.5.3,17RMP
8.5.3,17RMQ
8.5.3,17RNK
8.5.3,17RNL
8.5.3,17RNM
8.5.3,17RNN
8.5.3,17SLR
8.5.3,17SMR
8.5.3,17SMS
8.5.3,17SNR
8.5.3,17SNS
8.5.3,17SPS
8.5.3,17SPT
8.5.4,18SVJ
8.5.4,18SWJ
8.5.4,18TVK
8.5.4,18TWK
8.5.4,18TWL
8.5.4,18TXK
8.5.4,18TXL
8.5.4,18TYL
8.5.4,19TBF
8.5.4,19TCF
8.5.4,19TCG
8.5.4,19TDF
8.5.4,19TDG
9.2.1,11UPA
9.2.1,11UPR
9.2.1,11UPS
9.2.1,11UPT
9.2.1,11UPU
9.2.1,11UPV
9.2.1,11UQR
9.2.1,11UQS
9.2.1,11UQT
9.2.1,11UQU
9.2.1,11UQV
9.2.1,12UUA
9.2.1,12UUB
9.2.1,12UUC
9.2.1,12UUD
9.2.1,12UUE
9.2.1,12UUF
9.2.1,12UVC
9.2.1,12UVD
9.2.1,12UVE
9.2.1,12UVF
9.2.1,12UWC
9.2.1,12UWD
9.2.1,12UWE
9.2.1,12UXC
9.2.1,12UXD
9.2.1,12UXE
9.2.1,12UYC
9.2.1,12UYD
9.2.1,12UYE
9.2.1,13UCT
9.2.1,13UCU
9.2.1,13UCV
9.2.1,13UDT
9.2.1,13UDU
9.2.1,13UEQ
9.2.1,13UER
9.2.1,13UES
9.2.1,13UET
9.2.1,13UEU
9.2.1,13UFP
9.2.1,13UFQ
9.2.1,13UFR
9.2.1,13UFS
9.2.1,13UFT
9.2.1,13UGP
9.2.1,13UGQ
9.2.1,13UGR
9.2.1,13UGS
9.2.1,13UGT
9.2.1,14TLT
9.2.1,14TMQ
9.2.1,14TMR
9.2.1,14TMS
9.2.1,14TMT
9.2.1,14TNN
9.2.1,14TNP
9.2.1,14TNQ
9.2.1,14TNR
9.2.1,14TNS
9.2.1,14TNT
9.2.1,14TPN
9.2.1,14TPP
9.2.1,14TPQ
9.2.1,14TPR
9.2.1,14TPS
9.2.1,14TPT
9.2.1,14TQN
9.2.1,14TQP
9.2.1,14TQQ
9.2.1,14TQR
9.2.1,14TQS
9.2.1,14ULA
9.2.1,14ULB
9.2.1,14ULC
9.2.1,14ULU
9.2.1,14ULV
9.2.1,14UMA
9.2.1,14UMB
9.2.1,14UMU
9.2.1,14UMV
9.2.1,14UNA
9.2.1,14UNU
9.2.1,14UNV
9.2.2,13UGS
9.2.2,13UGT
9.2.2,14TNS
9.2.2,14TNT
9.2.2,14TPR
9.2.2,14TPS
9.2.2,14TPT
9.2.2,14TQR
9.2.2,14TQS
9.2.2,14TQT
9.2.2,14ULB
9.2.2,14ULC
9.2.2,14UMA
9.2.2,14UMB
9.2.2,14UMC
9.2.2,14UNA
9.2.2,14UNB
9.2.2,14UNU
9.2.2,14UNV
9.2.2,14UPA
9.2.2,14UPB
9.2.2,14UPU
9.2.2,14UPV
9.2.2,14UQU
9.2.2,14UQV
9.2.2,15TUN
9.2.2,15UUP
9.2.2,15UUQ
9.2.3,14SPJ
9.2.3,14SQJ
9.2.3,14TNM
9.2.3,14TNN
9.2.3,14TPK
9.2.3,14TPL
9.2.3,14TPM
9.2.3,14TPN
9.2.3,14TPP
9.2.3,14TPQ
9.2.3,14TQK
9.2.3,14TQL
9.2.3,14TQM
9.2.3,14TQN
9.2.3,14TQP
9.2.3,14TQQ
9.2.3,14TQR
9.2.3,15STD
9.2.3,15SUD
9.2.3,15SVD
9.2.3,15SWD
9.2.3,15TTE
9.2.3,15TTF
9.2.3,15TTG
9.2.3,15TUE
9.2.3,15TUF
9.2.3,15TUG
9.2.3,15TUH
9.2.3,15TUJ
9.2.3,15TUK
9.2.3,15TUL
9.2.3,15TVF
9.2.3,15TVG
9.2.3,15TVH
9.2.3,15TVJ
9.2.3,15TVK
9.2.3,15TWF
9.2.3,15TWG
9.2.3,15TWH
9.2.3,15TWJ
9.2.3,15TWK
9.2.3,15TWL
9.2.3,15TXF
9.2.3,15TXG
9.2.3,15TXH
9.2.3,15TYF
9.2.3,15TYG
9.2.3,16TBM
9.2.4,14SQE
9.2.4,14SQF
9.2.4,14SQG
9.2.4,14SQH
9.2.4,14SQJ
9.2.4,15STA
9.2.4,15STB
9.2.4,15STC
9.2.4,15STD
9.2.4,15STV
9.2.4,15SUA
9.2.4,15SUB
9.2.4,15SUC
9.2.4,15SUD
9.2.4,15SUV
9.2.4,15SVB
9.2.4,15SVC
9.2.4,15SVD
9.2.4,15SWC
9.2.4,15SWD
9.2.4,15SXC
9.2.4,15SXD
9.2.4,15TUE
9.2.4,15TUF
9.2.4,15TVE
9.2.4,15TVF
9.2.4,15TWE
9.2.4,15TWF
9.2.4,15TXE
9.2.4,15TXF
9.3.1,11UPQ
9.3.1,11UPR
9.3.1,11UQP
9.3.1,11UQQ
9.3.1,11UQR
9.3.1,11UQS
9.3.1,11UQT
9.3.1,11UQU
9.3.1,12TUT
9.3.1,12TVS
9.3.1,12TVT
9.3.1,12TWT
9.3.1,12TXT
9.3.1,12TYT
9.3.1,12UUA
9.3.1,12UUB
9.3.1,12UUC
9.3.1,12UUD
9.3.1,12UUU
9.3.1,12UUV
9.3.1,12UVA
9.3.1,12UVB
9.3.1,12UVC
9.3.1,12UVD
9.3.1,12UVU
9.3.1,12UVV
9.3.1,12UWA
9.3.1,12UWB
9.3.1,12UWC
9.3.1,12UWD
9.3.1,12UWU
9.3.1,12UWV
9.3.1,12UXA
9.3.1,12UXB
9.3.1,12UXC
9.3.1,12UXD
9.3.1,12UXU
9.3.1,12UXV
9.3.1,12UYA
9.3.1,12UYB
9.3.1,12UYC
9.3.1,12UYD
9.3.1,12UYU
9.3.1,12UYV
9.3.1,13TCN
9.3.1,13TDN
9.3.1,13TEN
9.3.1,13TFN
9.3.1,13TGN
9.3.1,13UCP
9.3.1,13UCQ
9.3.1,13UCR
9.3.1,13UCS
9.3.1,13UCT
9.3.1,13UCU
9.3.1,13UDP
9.3.1,13UDQ
9.3.1,13UDR
9.3.1,13UDS
9.3.1,13UDT
9.3.1,13UDU
9.3.1,13UEP
9.3.1,13UEQ
9.3.1,13UER
9.3.1,13UES
9.3.1,13UET
9.3.1,13UFP
9.3.1,13UFQ
9.3.1,13UGP
9.3.1,13UGQ
9.3.1,14TLQ
9.3.1,14TLR
9.3.1,14TLS
9.3.1,14TLT
9.3.1,14TMN
9.3.1,14TMP
9.3.1,14TMQ
9.3.1,14TMR
9.3.1,14TMS
9.3.1,14TMT
9.3.1,14TNM
9.3.1,14TNN
9.3.1,14TNP
9.3.1,14TNQ
9.3.1,14TNR
9.3.1,14TNS
9.3.1,14TNT
9.3.1,14ULU
9.3.3,12TVR
9.3.3,12TVS
9.3.3,12TVT
9.3.3,12TWR
9.3.3,12TWS
9.3.3,12TWT
9.3.3,12TXQ
9.3.3,12TXR
9.3.3,12TXS
9.3.3,12TXT
9.3.3,12TYQ
9.3.3,12TYR
9.3.3,12TYS
9.3.3,12TYT
9.3.3,12UWU
9.3.3,12UXU
9.3.3,12UYU
9.3.3,13TCH
9.3.3,13TCJ
9.3.3,13TCK
9.3.3,13TCL
9.3.3,13TCM
9.3.3,13TCN
9.3.3,13TDG
9.3.3,13TDH
9.3.3,13TDJ
9.3.3,13TDK
9.3.3,13TDL
9.3.3,13TDM
9.3.3,13TDN
9.3.3,13TEG
9.3.3,13TEH
9.3.3,13TEJ
9.3.3,13TEK
9.3.3,13TEL
9.3.3,13TEM
9.3.3,13TEN
9.3.3,13TFH
9.3.3,13TFJ
9.3.3,13TFK
9.3.3,13TFL
9.3.3,13TFM
9.3.3,13TFN
9.3.3,13TGH
9.3.3,13TGJ
9.3.3,13TGK
9.3.3,13TGL
9.3.3,13TGM
9.3.3,13TGN
9.3.3,13UCP
9.3.3,13UDP
9.3.3,13UEP
9.3.3,13UFP
9.3.3,13UGP
9.3.3,14TLN
9.3.3,14TLP
9.3.3,14TLQ
9.3.3,14TLR
9.3.3,14TLS
9.3.3,14TLT
9.3.3,14TMN
9.3.3,14TMP
9.3.3,14TMQ
9.3.3,14TMR
9.3.3,14TMS
9.3.3,14TNN
9.3.4,13TFF
9.3.4,13TFG
9.3.4,13TFH
9.3.4,13TGF
9.3.4,13TGG
9.3.4,13TGH
9.3.4,14TKL
9.3.4,14TKM
9.3.4,14TLK
9.3.4,14TLL
9.3.4,14TLM
9.3.4,14TLN
9.3.4,14TML
9.3.4,14TMM
9.3.4,14TMN
9.3.4,14TNL
9.3.4,14TNM
9.3.4,14TNN
9.4.1,13RFQ
9.4.1,13RGQ
9.4.1,13SDD
9.4.1,13SEA
9.4.1,13SED
9.4.1,13SES
9.4.1,13SET
9.4.1,13SEU
9.4.1,13SEV
9.4.1,13SFA
9.4.1,13SFB
9.4.1,13SFC
9.4.1,13SFD
9.4.1,13SFR
9.4.1,13SFS
9.4.1,13SFT
9.4.1,13SFU
9.4.1,13SFV
9.4.1,13SGA
9.4.1,13SGB
9.4.1,13SGC
9.4.1,13SGD
9.4.1,13SGR
9.4.1,13SGS
9.4.1,13SGT
9.4.1,13SGU
9.4.1,13SGV
9.4.1,13TDE
9.4.1,13TDF
9.4.1,13TDG
9.4.1,13TDH
9.4.1,13TEE
9.4.1,13TEF
9.4.1,13TEG
9.4.1,13TEH
9.4.1,13TFE
9.4.1,13TFF
9.4.1,13TFG
9.4.1,13TFH
9.4.1,13TFJ
9.4.1,13TGE
9.4.1,13TGF
9.4.1,13TGG
9.4.1,13TGH
9.4.1,13TGJ
9.4.1,14RKV
9.4.1,14SKA
9.4.1,14SKB
9.4.1,14SKC
9.4.1,14SKD
9.4.1,14SKE
9.4.1,14SKF
9.4.1,14SKG
9.4.1,14SKH
9.4.1,14SKJ
9.4.1,14SLC
9.4.1,14SLD
9.4.1,14SLE
9.4.1,14SLF
9.4.1,14SLG
9.4.1,14SLH
9.4.1,14SLJ
9.4.1,14SMG
9.4.1,14SMH
9.4.1,14TKK
9.4.1,14TKL
9.4.1,14TKM
9.4.1,14TLK
9.4.1,14TLL
9.4.1,14TLN
9.4.1,14TLP
9.4.2,14RLV
9.4.2,14RMV
9.4.2,14RNV
9.4.2,14SKH
9.4.2,14SKJ
9.4.2,14SLA
9.4.2,14SLB
9.4.2,14SLC
9.4.2,14SLD
9.4.2,14SLE
9.4.2,14SLF
9.4.2,14SLG
9.4.2,14SLH
9.4.2,14SLJ
9.4.2,14SMA
9.4.2,14SMB
9.4.2,14SMC
9.4.2,14SMD
9.4.2,14SME
9.4.2,14SMF
9.4.2,14SMG
9.4.2,14SMH
9.4.2,14SMJ
9.4.2,14SNA
9.4.2,14SNB
9.4.2,14SNC
9.4.2,14SND
9.4.2,14SNE
9.4.2,14SNF
9.4.2,14SNG
9.4.2,14SNH
9.4.2,14SNJ
9.4.2,14SPC
9.4.2,14SPD
9.4.2,14SPE
9.4.2,14SPF
9.4.2,14SPG
9.4.2,14SPH
9.4.2,14SPJ
9.4.2,14SQE
9.4.2,14SQF
9.4.2,14TKK
9.4.2,14TLK
9.4.2,14TLL
9.4.2,14TLM
9.4.2,14TMK
9.4.2,14TML
9.4.2,14TMM
9.4.2,14TNK
9.4.2,14TNL
9.4.2,14TNM
9.4.2,14TPK
9.4.2,14TPL
9.4.2,14TPM
9.4.2,14TQK
9.4.3,13SCT
9.4.3,13SCU
9.4.3,13SCV
9.4.3,13SDA
9.4.3,13SDB
9.4.3,13SDC
9.4.3,13SDD
9.4.3,13SDS
9.4.3,13SDT
9.4.3,13SDU
9.4.3,13SDV
9.4.3,13SEA
9.4.3,13SEB
9.4.3,13SEC
9.4.3,13SED
9.4.3,13SES
9.4.3,13SET
9.4.3,13SEU
9.4.3,13SEV
9.4.3,13SFA
9.4.3,13SFB
9.4.3,13SFC
9.4.3,13SFD
9.4.3,13SFT
9.4.3,13SFU
9.4.3,13SFV
9.4.3,13SGA
9.4.3,13SGB
9.4.3,13SGC
9.4.3,13SGS
9.4.3,13SGU
9.4.3,13SGV
9.4.3,13TEE
9.4.3,13TFE
9.4.3,14SKA
9.4.3,14SKB
9.4.3,14SKC
9.4.3,14SKD
9.4.3,14SKE
9.4.3,14SKF
9.4.3,14SKG
9.4.3,14SKH
9.4.3,14SLA
9.4.3,14SLB
9.4.3,14SLC
9.4.3,14SLD
9.4.3,14SLE
9.4.3,14SLF
9.4.3,14SLG
9.4.3,14SMB
9.4.3,14SMC
9.4.3,14SMD
9.4.3,14SME
9.4.3,14SMF
9.4.3,14SMG
9.4.3,14SNF
9.4.3,14SNG
9.4.4,14SPF
9.4.4,14SPG
9.4.4,14SPH
9.4.4,14SPJ
9.4.4,14SQF
9.4.4,14SQG
9.4.4,14SQH
9.4.4,14SQJ
9.4.4,14TPK
9.4.4,14TQK
9.4.4,15STA
9.4.4,15STB
9.4.4,15STC
9.4.4,15STD
9.4.4,15TTE
9.4.5,14RMV
9.4.5,14RNV
9.4.5,14RPU
9.4.5,14RPV
9.4.5,14SMA
9.4.5,14SMB
9.4.5,14SNA
9.4.5,14SNB
9.4.5,14SNC
9.4.5,14SND
9.4.5,14SNE
9.4.5,14SPA
9.4.5,14SPB
9.4.5,14SPC
9.4.5,14SPD
9.4.5,14SPE
9.4.5,14SPF
9.4.5,14SQC
9.4.5,14SQD
9.4.5,14SQE
9.4.5,14SQF
9.4.5,14SQG
9.4.5,14SQH
9.4.5,15STA
9.4.5,15STB
9.4.5,15STC
9.4.5,15STT
9.4.5,15STU
9.4.5,15STV
9.4.6,13RGP
9.4.6,13RGQ
9.4.6,14RKT
9.4.6,14RKU
9.4.6,14RKV
9.4.6,14RLT
9.4.6,14RLU
9.4.6,14RLV
9.4.6,14RMT
9.4.6,14RMU
9.4.6,14RMV
9.4.6,14RNT
9.4.6,14RNU
9.4.6,14RNV
9.4.6,14RPU
9.4.6,14RPV
9.4.6,14SKA
9.4.6,14SLA
9.4.6,14SLB
9.4.6,14SMA
9.4.7,14RMT
9.4.7,14RNT
9.4.7,14RNU
9.4.7,14RPT
9.4.7,14RPU
9.4.7,14RPV
9.4.7,14RQT
9.4.7,14RQU
9.4.7,14RQV
9.4.7,14SPA
9.4.7,14SPB
9.4.7,14SPC
9.4.7,14SQA
9.4.7,14SQB
9.4.7,14SQC
9.4.7,15RTP
9.4.7,15STR
9.4.7,15STS
9.4.7,15STT
9.5.1,14QNM
9.5.1,14QPM
9.5.1,14RNN
9.5.1,14RNP
9.5.1,14RNQ
9.5.1,14RNR
9.5.1,14RNS
9.5.1,14RPN
9.5.1,14RPP
9.5.1,14RPQ
9.5.1,14RPR
9.5.1,14RPS
9.5.1,14RPT
9.5.1,14RQR
9.5.1,14RQS
9.5.1,14RQT
9.5.1,14RQU
9.5.1,15RTM
9.5.1,15RTN
9.5.1,15RTP
9.5.1,15RUN
9.5.1,15RUP
9.5.1,15RVN
9.5.1,15RVP
9.5.1,15RWN
9.5.1,15RWP
9.5.1,15RWQ
9.5.1,15RXP
9.6.1,13RGL
9.6.1,13RGM
9.6.1,13RGN
9.6.1,14QML
9.6.1,14QMM
9.6.1,14QNL
9.6.1,14QNM
9.6.1,14RKR
9.6.1,14RKS
9.6.1,14RKT
9.6.1,14RLN
9.6.1,14RLP
9.6.1,14RLQ
9.6.1,14RLR
9.6.1,14RLS
9.6.1,14RLT
9.6.1,14RLU
9.6.1,14RMN
9.6.1,14RMP
9.6.1,14RMQ
9.6.1,14RMR
9.6.1,14RMS
9.6.1,14RMT
9.6.1,14RNN
9.6.1,14RNP
9.6.1,14RNQ
9.6.1,14RNR
9.6.1,14RNS
9.6.1,14RNT
9.6.1,14RPR
9.6.1,14RPS
