NAME_1,tile
Alabama,16RCU
Alabama,16RCV
Alabama,16RDU
Alabama,16RDV
Alabama,16REV
Alabama,16RFV
Alabama,16SCA
Alabama,16SCB
Alabama,16SCC
Alabama,16SCD
Alabama,16SDA
Alabama,16SDB
Alabama,16SDC
Alabama,16SDD
Alabama,16SEA
Alabama,16SEB
Alabama,16SEC
Alabama,16SED
Alabama,16SFA
Alabama,16SFB
Alabama,16SFC
Alabama,16SFD
Alaska,01UBS
Alaska,01UBT
Alaska,01UCS
Alaska,01UCT
Alaska,01UDT
Alaska,01UET
Alaska,01UFT
Alaska,01UFU
Alaska,01UGT
Alaska,01UGU
Alaska,01VFG
Alaska,02ULC
Alaska,02ULD
Alaska,02UMC
Alaska,02UMD
Alaska,02UND
Alaska,02UPD
Alaska,02UPE
Alaska,02UQE
Alaska,02VLM
Alaska,02VLN
Alaska,02VMM
Alaska,02VMN
Alaska,02VMR
Alaska,02VNH
Alaska,02VNJ
Alaska,02VNQ
Alaska,02VNR
Alaska,02VPM
Alaska,02VPR
Alaska,02WNT
Alaska,02WNU
Alaska,02WPA
Alaska,02WPB
Alaska,02WPT
Alaska,02WPU
Alaska,03UUV
Alaska,03UVA
Alaska,03UVV
Alaska,03UWA
Alaska,03UWB
Alaska,03UWV
Alaska,03UXA
Alaska,03UXB
Alaska,03VUG
Alaska,03VUL
Alaska,03VVG
Alaska,03VVH
Alaska,03VVJ
Alaska,03VVK
Alaska,03VWG
Alaska,03VWH
Alaska,03VWJ
Alaska,03VWK
Alaska,03VWL
Alaska,03VXC
Alaska,03VXE
Alaska,03VXF
Alaska,03VXG
Alaska,03VXH
Alaska,03VXJ
Alaska,03VXK
Alaska,03VXL
Alaska,03WVM
Alaska,03WVN
Alaska,03WVP
Alaska,03WVR
Alaska,03WVS
Alaska,03WWM
Alaska,03WWN
Alaska,03WWP
Alaska,03WWQ
Alaska,03WWR
Alaska,03WWS
Alaska,03WWT
Alaska,03WWU
Alaska,03WXM
Alaska,03WXN
Alaska,03WXP
Alaska,03WXQ
Alaska,03WXR
Alaska,03WXS
Alaska,03WXT
Alaska,03WXU
Alaska,04UCF
Alaska,04UCG
Alaska,04UDF
Alaska,04UDG
Alaska,04UEG
Alaska,04UFG
Alaska,04VCH
Alaska,04VCK
Alaska,04VCL
Alaska,04VCM
Alaska,04VCN
Alaska,04VCP
Alaska,04VCQ
Alaska,04VCR
Alaska,04VDH
Alaska,04VDJ
Alaska,04VDK
Alaska,04VDL
Alaska,04VDM
Alaska,04VDN
Alaska,04VDP
Alaska,04VDQ
Alaska,04VDR
Alaska,04VEH
Alaska,04VEJ
Alaska,04VEK
Alaska,04VEL
Alaska,04VEM
Alaska,04VEN
Alaska,04VEP
Alaska,04VEQ
Alaska,04VER
Alaska,04VFH
Alaska,04VFJ
Alaska,04VFK
Alaska,04VFL
Alaska,04VFM
Alaska,04VFN
Alaska,04VFP
Alaska,04VFQ
Alaska,04VFR
Alaska,04WDA
Alaska,04WDB
Alaska,04WDC
Alaska,04WDD
Alaska,04WDS
Alaska,04WDT
Alaska,04WDU
Alaska,04WDV
Alaska,04WEA
Alaska,04WEB
Alaska,04WEC
Alaska,04WED
Alaska,04WEE
Alaska,04WES
Alaska,04WET
Alaska,04WEU
Alaska,04WEV
Alaska,04WFA
Alaska,04WFB
Alaska,04WFC
Alaska,04WFD
Alaska,04WFE
Alaska,04WFS
Alaska,04WFT
Alaska,04WFU
Alaska,04WFV
Alaska,04XEF
Alaska,05ULB
Alaska,05VLC
Alaska,05VLD
Alaska,05VLE
Alaska,05VLF
Alaska,05VLG
Alaska,05VLH
Alaska,05VLJ
Alaska,05VLK
Alaska,05VLL
Alaska,05VMC
Alaska,05VMD
Alaska,05VME
Alaska,05VMF
Alaska,05VMG
Alaska,05VMH
Alaska,05VMJ
Alaska,05VMK
Alaska,05VML
Alaska,05VND
Alaska,05VNE
Alaska,05VNF
Alaska,05VNG
Alaska,05VNH
Alaska,05VNJ
Alaska,05VNK
Alaska,05VNL
Alaska,05VPF
Alaska,05VPG
Alaska,05VPH
Alaska,05VPJ
Alaska,05VPK
Alaska,05VPL
Alaska,05WMM
Alaska,05WMN
Alaska,05WMP
Alaska,05WMQ
Alaska,05WMR
Alaska,05WMS
Alaska,05WMT
Alaska,05WMU
Alaska,05WMV
Alaska,05WNM
Alaska,05WNN
Alaska,05WNP
Alaska,05WNQ
Alaska,05WNR
Alaska,05WNS
Alaska,05WNT
Alaska,05WNU
Alaska,05WPM
Alaska,05WPN
Alaska,05WPP
Alaska,05WPQ
Alaska,05WPR
Alaska,05WPS
Alaska,05WPT
Alaska,05WPU
Alaska,06VUL
Alaska,06VUM
Alaska,06VUN
Alaska,06VUP
Alaska,06VUQ
Alaska,06VUR
Alaska,06VVM
Alaska,06VVN
Alaska,06VVP
Alaska,06VVQ
Alaska,06VVR
Alaska,06VWL
Alaska,06VWM
Alaska,06VWN
Alaska,06VWP
Alaska,06VWQ
Alaska,06VWR
Alaska,06VXM
Alaska,06VXN
Alaska,06VXP
Alaska,06VXQ
Alaska,06VXR
Alaska,06WVA
Alaska,06WVB
Alaska,06WVC
Alaska,06WVD
Alaska,06WVS
Alaska,06WVT
Alaska,06WVU
Alaska,06WVV
Alaska,06WWA
Alaska,06WWB
Alaska,06WWC
Alaska,06WWD
Alaska,06WWS
Alaska,06WWT
Alaska,06WWU
Alaska,06WWV
Alaska,06WXA
Alaska,06WXB
Alaska,06WXC
Alaska,06WXS
Alaska,06WXT
Alaska,06WXU
Alaska,06WXV
Alaska,07VCG
Alaska,07VCH
Alaska,07VCJ
Alaska,07VCK
Alaska,07VCL
Alaska,07VDG
Alaska,07VDH
Alaska,07VDJ
Alaska,07VDK
Alaska,07VDL
Alaska,07VEF
Alaska,07VEG
Alaska,07VEH
Alaska,07VFE
Alaska,07VFF
Alaska,07VFG
Alaska,07VFH
Alaska,07WDM
Alaska,07WDN
Alaska,07WDP
Alaska,07WDQ
Alaska,07WDR
Alaska,07WDS
Alaska,07WDT
Alaska,08UNF
Alaska,08UNG
Alaska,08UPF
Alaska,08UPG
Alaska,08VLK
Alaska,08VLL
Alaska,08VLM
Alaska,08VMH
Alaska,08VMJ
Alaska,08VMK
Alaska,08VML
Alaska,08VMM
Alaska,08VNH
Alaska,08VNJ
Alaska,08VNK
Alaska,08VNL
Alaska,08VPH
Alaska,08VPJ
Alaska,08VPK
Alaska,09UUA
Alaska,09UUB
Alaska,09UVA
Alaska,09UVB
Alaska,09VUC
Alaska,09VUD
Alaska,09VVC
Alaska,59UNU
Alaska,59UPU
Alaska,59UQU
Alaska,60UUD
Alaska,60UVC
Alaska,60UVD
Alaska,60UWC
Alaska,60UXB
Alaska,60UXC
Arizona,11SPA
Arizona,11SPR
Arizona,11SPS
Arizona,11SPV
Arizona,11SQA
Arizona,11SQB
Arizona,11SQR
Arizona,11SQS
Arizona,11SQT
Arizona,11SQU
Arizona,11SQV
Arizona,12RUV
Arizona,12RVV
Arizona,12RWV
Arizona,12RXV
Arizona,12STA
Arizona,12STB
Arizona,12STC
Arizona,12STD
Arizona,12STE
Arizona,12STF
Arizona,12STG
Arizona,12SUA
Arizona,12SUB
Arizona,12SUC
Arizona,12SUD
Arizona,12SUE
Arizona,12SUF
Arizona,12SUG
Arizona,12SVA
Arizona,12SVB
Arizona,12SVC
Arizona,12SVD
Arizona,12SVE
Arizona,12SVF
Arizona,12SVG
Arizona,12SWA
Arizona,12SWB
Arizona,12SWC
Arizona,12SWD
Arizona,12SWE
Arizona,12SWF
Arizona,12SWG
Arizona,12SXA
Arizona,12SXB
Arizona,12SXC
Arizona,12SXD
Arizona,12SXE
Arizona,12SXF
Arizona,12SXG
Arkansas,15SUA
Arkansas,15SUS
Arkansas,15SUT
Arkansas,15SUU
Arkansas,15SUV
Arkansas,15SVA
Arkansas,15SVS
Arkansas,15SVT
Arkansas,15SVU
Arkansas,15SVV
Arkansas,15SWA
Arkansas,15SWS
Arkansas,15SWT
Arkansas,15SWU
Arkansas,15SWV
Arkansas,15SXA
Arkansas,15SXS
Arkansas,15SXT
Arkansas,15SXU
Arkansas,15SXV
Arkansas,15SYA
Arkansas,15SYT
Arkansas,15SYU
Arkansas,15SYV
Arkansas,16SBD
Arkansas,16SBE
Arkansas,16SBF
California,10SDG
California,10SDH
California,10SDJ
California,10SEF
California,10SEG
California,10SEH
California,10SEJ
California,10SFD
California,10SFE
California,10SFF
California,10SFG
California,10SFH
California,10SFJ
California,10SGC
California,10SGD
California,10SGE
California,10SGF
California,10SGG
California,10SGH
California,10SGJ
California,10TCK
California,10TCL
California,10TCM
California,10TDK
California,10TDL
California,10TDM
California,10TEK
California,10TEL
California,10TEM
California,10TFK
California,10TFL
California,10TFM
California,10TGK
California,10TGL
California,10TGM
California,11SKA
California,11SKB
California,11SKC
California,11SKD
California,11SKS
California,11SKT
California,11SKU
California,11SKV
California,11SLA
California,11SLB
California,11SLC
California,11SLS
California,11SLT
California,11SLU
California,11SLV
California,11SMA
California,11SMB
California,11SMR
California,11SMS
California,11SMT
California,11SMU
California,11SMV
California,11SNA
California,11SNS
California,11SNT
California,11SNU
California,11SNV
California,11SPS
California,11SPT
California,11SPU
California,11SPV
California,11SQS
California,11SQT
California,11SQU
California,11SQV
California,11TKE
California,11TKF
California,11TKG
California,12STC
California,12STD
Colorado,12SXF
Colorado,12SXG
Colorado,12SXH
Colorado,12SXJ
Colorado,12SYF
Colorado,12SYG
Colorado,12SYH
Colorado,12SYJ
Colorado,12TXK
Colorado,12TXL
Colorado,12TYK
Colorado,12TYL
Colorado,13SBA
Colorado,13SBB
Colorado,13SBC
Colorado,13SBD
Colorado,13SCA
Colorado,13SCB
Colorado,13SCC
Colorado,13SCD
Colorado,13SDA
Colorado,13SDB
Colorado,13SDC
Colorado,13SDD
Colorado,13SEA
Colorado,13SEB
Colorado,13SEC
Colorado,13SED
Colorado,13SFA
Colorado,13SFB
Colorado,13SFC
Colorado,13SFD
Colorado,13SGA
Colorado,13SGB
Colorado,13SGC
Colorado,13SGD
Colorado,13TBE
Colorado,13TBF
Colorado,13TCE
Colorado,13TCF
Colorado,13TDE
Colorado,13TDF
Colorado,13TEE
Colorado,13TEF
Colorado,13TFE
Colorado,13TFF
Colorado,13TGE
Colorado,13TGF
Colorado,14SKF
Colorado,14SKG
Colorado,14SKH
Colorado,14SKJ
Colorado,14TKK
Colorado,14TKL
Connecticut,18TWL
Connecticut,18TXL
Connecticut,18TXM
Connecticut,18TYL
Connecticut,18TYM
Connecticut,19TBF
Connecticut,19TBG
Delaware,18SVH
Delaware,18SVJ
Delaware,18TVK
District of Columbia,18SUH
District of Columbia,18SUJ
Florida,16RDU
Florida,16RDV
Florida,16REU
Florida,16REV
Florida,16RFT
Florida,16RFU
Florida,16RFV
Florida,16RGT
Florida,16RGU
Florida,16RGV
Florida,17RKH
Florida,17RKN
Florida,17RKP
Florida,17RKQ
Florida,17RLH
Florida,17RLK
Florida,17RLL
Florida,17RLM
Florida,17RLN
Florida,17RLP
Florida,17RLQ
Florida,17RMH
Florida,17RMJ
Florida,17RMK
Florida,17RML
Florida,17RMM
Florida,17RMN
Florida,17RMP
Florida,17RMQ
Florida,17RNH
Florida,17RNJ
Florida,17RNK
Florida,17RNL
Florida,17RNM
Florida,17RNN
Florida,17RPH
Florida,17RPJ
Florida,17RPK
Georgia,16RFU
Georgia,16RFV
Georgia,16RGU
Georgia,16RGV
Georgia,16SFA
Georgia,16SFB
Georgia,16SFC
Georgia,16SFD
Georgia,16SGA
Georgia,16SGB
Georgia,16SGC
Georgia,16SGD
Georgia,17RKP
Georgia,17RKQ
Georgia,17RLP
Georgia,17RLQ
Georgia,17RMP
Georgia,17RMQ
Georgia,17SKR
Georgia,17SKS
Georgia,17SKT
Georgia,17SKU
Georgia,17SLR
Georgia,17SLS
Georgia,17SLT
Georgia,17SLU
Georgia,17SMR
Georgia,17SMS
Georgia,17SMT
Georgia,17SNR
Hawaii,03QWG
Hawaii,03QZF
Hawaii,04QBL
Hawaii,04QCJ
Hawaii,04QCK
Hawaii,04QDK
Hawaii,04QEJ
Hawaii,04QEK
Hawaii,04QFH
Hawaii,04QFJ
Hawaii,04QFK
Hawaii,04QGG
Hawaii,04QGH
Hawaii,04QGJ
Hawaii,04QHF
Hawaii,04QHG
Hawaii,04QHH
Hawaii,04QHJ
Hawaii,05QKA
Hawaii,05QKB
Hawaii,05QKC
Hawaii,05QLB
Idaho,11TMG
Idaho,11TMH
Idaho,11TMJ
Idaho,11TMK
Idaho,11TML
Idaho,11TMM
Idaho,11TMN
Idaho,11TNG
Idaho,11TNH
Idaho,11TNJ
Idaho,11TNK
Idaho,11TNL
Idaho,11TNM
Idaho,11TNN
Idaho,11TPG
Idaho,11TPH
Idaho,11TPJ
Idaho,11TPK
Idaho,11TPL
Idaho,11TPM
Idaho,11TPN
Idaho,11TQG
Idaho,11TQH
Idaho,11TQJ
Idaho,11TQK
Idaho,11TQL
Idaho,11TQM
Idaho,11UMP
Idaho,11UMQ
Idaho,11UNP
Idaho,11UNQ
Idaho,12TTM
Idaho,12TUM
Idaho,12TUN
Idaho,12TUP
Idaho,12TUQ
Idaho,12TUR
Idaho,12TVM
Idaho,12TVN
Idaho,12TVP
Idaho,12TVQ
Illinois,15SXD
Illinois,15SYB
Illinois,15SYC
Illinois,15SYD
Illinois,15TXE
Illinois,15TXF
Illinois,15TXG
Illinois,15TXH
Illinois,15TYE
Illinois,15TYF
Illinois,15TYG
Illinois,15TYH
Illinois,16SBF
Illinois,16SBG
Illinois,16SBH
Illinois,16SBJ
Illinois,16SCF
Illinois,16SCG
Illinois,16SCH
Illinois,16SCJ
Illinois,16SDG
Illinois,16SDH
Illinois,16SDJ
Illinois,16TBK
Illinois,16TBL
Illinois,16TBM
Illinois,16TCK
Illinois,16TCL
Illinois,16TCM
Illinois,16TCN
Illinois,16TDK
Illinois,16TDL
Illinois,16TDM
Illinois,16TDN
Indiana,16SCG
Indiana,16SCH
Indiana,16SDG
Indiana,16SDH
Indiana,16SDJ
Indiana,16SEG
Indiana,16SEH
Indiana,16SEJ
Indiana,16SFH
Indiana,16SFJ
Indiana,16TDK
Indiana,16TDL
Indiana,16TDM
Indiana,16TEK
Indiana,16TEL
Indiana,16TEM
Indiana,16TFK
Indiana,16TFL
Indiana,16TFM
Iowa,14TPN
Iowa,14TPP
Iowa,14TQK
Iowa,14TQL
Iowa,14TQM
Iowa,14TQN
Iowa,14TQP
Iowa,15TTE
Iowa,15TTF
Iowa,15TTG
Iowa,15TUE
Iowa,15TUF
Iowa,15TUG
Iowa,15TUH
Iowa,15TUJ
Iowa,15TVE
Iowa,15TVF
Iowa,15TVG
Iowa,15TVH
Iowa,15TVJ
Iowa,15TWE
Iowa,15TWF
Iowa,15TWG
Iowa,15TWH
Iowa,15TWJ
Iowa,15TXE
Iowa,15TXF
Iowa,15TXG
Iowa,15TXH
Iowa,15TXJ
Iowa,15TYF
Iowa,15TYG
Iowa,15TYH
Iowa,16TBM
Kansas,13SGA
Kansas,13SGB
Kansas,13SGC
Kansas,13SGD
Kansas,13TGE
Kansas,14SKF
Kansas,14SKG
Kansas,14SKH
Kansas,14SKJ
Kansas,14SLF
Kansas,14SLG
Kansas,14SLH
Kansas,14SLJ
Kansas,14SMF
Kansas,14SMG
Kansas,14SMH
Kansas,14SMJ
Kansas,14SNF
Kansas,14SNG
Kansas,14SNH
Kansas,14SNJ
Kansas,14SPF
Kansas,14SPG
Kansas,14SPH
Kansas,14SPJ
Kansas,14SQF
Kansas,14SQG
Kansas,14SQH
Kansas,14SQJ
Kansas,14TKK
Kansas,14TLK
Kansas,14TMK
Kansas,14TNK
Kansas,14TPK
Kansas,14TQK
Kansas,15STA
Kansas,15STB
Kansas,15STC
Kansas,15STD
Kansas,15SUA
Kansas,15SUB
Kansas,15SUC
Kansas,15SUD
Kansas,15TTE
Kansas,15TUE
Kentucky,15SYA
Kentucky,16SBF
Kentucky,16SBG
Kentucky,16SCF
Kentucky,16SCG
Kentucky,16SDF
Kentucky,16SDG
Kentucky,16SDH
Kentucky,16SEF
Kentucky,16SEG
Kentucky,16SEH
Kentucky,16SFF
Kentucky,16SFG
Kentucky,16SFH
Kentucky,16SFJ
Kentucky,16SGF
Kentucky,16SGG
Kentucky,16SGH
Kentucky,16SGJ
Kentucky,17SKA
Kentucky,17SKB
Kentucky,17SKC
Kentucky,17SKD
Kentucky,17SLA
Kentucky,17SLB
Kentucky,17SLC
Kentucky,17SLD
Kentucky,17SMB
Louisiana,15RVN
Louisiana,15RVP
Louisiana,15RVQ
Louisiana,15RWN
Louisiana,15RWP
Louisiana,15RWQ
Louisiana,15RXN
Louisiana,15RXP
Louisiana,15RXQ
Louisiana,15RYN
Louisiana,15RYP
Louisiana,15RYQ
Louisiana,15SUR
Louisiana,15SUS
Louisiana,15SVR
Louisiana,15SVS
Louisiana,15SWR
Louisiana,15SWS
Louisiana,15SXR
Louisiana,15SXS
Louisiana,16RBT
Louisiana,16RBU
Louisiana,16RBV
Louisiana,16RCT
Louisiana,16RCU
Maine,18TYQ
Maine,18TYR
Maine,19TCH
Maine,19TCJ
Maine,19TCK
Maine,19TCL
Maine,19TCM
Maine,19TDJ
Maine,19TDK
Maine,19TDL
Maine,19TDM
Maine,19TDN
Maine,19TEJ
Maine,19TEK
Maine,19TEL
Maine,19TEM
Maine,19TEN
Maine,19TFK
Maine,19TFL
Maryland,17SPD
Maryland,17SQD
Maryland,17TPE
Maryland,17TQE
Maryland,18STH
Maryland,18STJ
Maryland,18SUG
Maryland,18SUH
Maryland,18SUJ
Maryland,18SVG
Maryland,18SVH
Maryland,18SVJ
Maryland,18TTK
Maryland,18TUK
Maryland,18TVK
Massachusetts,18TXM
Massachusetts,18TXN
Massachusetts,18TYM
Massachusetts,18TYN
Massachusetts,19TBG
Massachusetts,19TCF
Massachusetts,19TCG
Massachusetts,19TCH
Massachusetts,19TDF
Massachusetts,19TDG
Michigan,15TXM
Michigan,15TXN
Michigan,15TYM
Michigan,15TYN
Michigan,15UYP
Michigan,16TCR
Michigan,16TCS
Michigan,16TCT
Michigan,16TDM
Michigan,16TDN
Michigan,16TDP
Michigan,16TDQ
Michigan,16TDR
Michigan,16TDS
Michigan,16TDT
Michigan,16TEM
Michigan,16TEN
Michigan,16TEP
Michigan,16TEQ
Michigan,16TER
Michigan,16TES
Michigan,16TET
Michigan,16TFM
Michigan,16TFN
Michigan,16TFP
Michigan,16TFQ
Michigan,16TFR
Michigan,16TFS
Michigan,16TFT
Michigan,16TGM
Michigan,16TGN
Michigan,16TGP
Michigan,16TGQ
Michigan,16TGR
Michigan,16TGS
Michigan,16UCU
Michigan,16UDU
Michigan,16UEU
Michigan,17TKG
Michigan,17TLG
Michigan,17TLH
Michigan,17TLJ
Michigan,17TLK
Michigan,17TLL
Michigan,17TLM
Michigan,17TMJ
Minnesota,14TPP
Minnesota,14TPQ
Minnesota,14TPR
Minnesota,14TPS
Minnesota,14TPT
Minnesota,14TQP
Minnesota,14TQQ
Minnesota,14TQR
Minnesota,14TQS
Minnesota,14TQT
Minnesota,14UPU
Minnesota,14UPV
Minnesota,14UQU
Minnesota,14UQV
Minnesota,15TUJ
Minnesota,15TUK
Minnesota,15TUL
Minnesota,15TUM
Minnesota,15TUN
Minnesota,15TVJ
Minnesota,15TVK
Minnesota,15TVL
Minnesota,15TVM
Minnesota,15TVN
Minnesota,15TWJ
Minnesota,15TWK
Minnesota,15TWL
Minnesota,15TWM
Minnesota,15TWN
Minnesota,15TXJ
Minnesota,15TXM
Minnesota,15TXN
Minnesota,15TYN
Minnesota,15UUP
Minnesota,15UUQ
Minnesota,15UVP
Minnesota,15UVQ
Minnesota,15UWP
Minnesota,15UXP
Minnesota,15UYP
Minnesota,16TCT
Minnesota,16UCU
Mississippi,15RXQ
Mississippi,15RYP
Mississippi,15RYQ
Mississippi,15SXR
Mississippi,15SXS
Mississippi,15SXT
Mississippi,15SXU
Mississippi,15SYR
Mississippi,15SYS
Mississippi,15SYT
Mississippi,15SYU
Mississippi,16RBU
Mississippi,16RBV
Mississippi,16RCU
Mississippi,16RCV
Mississippi,16SBA
Mississippi,16SBB
Mississippi,16SBC
Mississippi,16SBD
Mississippi,16SCA
Mississippi,16SCB
Mississippi,16SCC
Mississippi,16SCD
Missouri,14TQK
Missouri,14TQL
Missouri,15SUA
Missouri,15SUB
Missouri,15SUC
Missouri,15SUD
Missouri,15SVA
Missouri,15SVB
Missouri,15SVC
Missouri,15SVD
Missouri,15SWA
Missouri,15SWB
Missouri,15SWC
Missouri,15SWD
Missouri,15SXA
Missouri,15SXB
Missouri,15SXC
Missouri,15SXD
Missouri,15SYA
Missouri,15SYB
Missouri,15SYC
Missouri,15SYD
Missouri,15SYV
Missouri,15TTE
Missouri,15TTF
Missouri,15TUE
Missouri,15TUF
Missouri,15TVE
Missouri,15TVF
Missouri,15TWE
Missouri,15TWF
Missouri,15TXE
Missouri,15TXF
Missouri,16SBE
Missouri,16SBF
Missouri,16SBG
Missouri,16SBH
Missouri,16SBJ
Missouri,16SCF
Missouri,16SCG
Montana,11TNN
Montana,11TPL
Montana,11TPM
Montana,11TPN
Montana,11TQK
Montana,11TQL
Montana,11TQM
Montana,11TQN
Montana,11UNP
Montana,11UNQ
Montana,11UPP
Montana,11UPQ
Montana,11UQP
Montana,11UQQ
Montana,12TUQ
Montana,12TUR
Montana,12TUS
Montana,12TUT
Montana,12TVQ
Montana,12TVR
Montana,12TVS
Montana,12TVT
Montana,12TWQ
Montana,12TWR
Montana,12TWS
Montana,12TWT
Montana,12TXQ
Montana,12TXR
Montana,12TXS
Montana,12TXT
Montana,12TYQ
Montana,12TYR
Montana,12TYS
Montana,12TYT
Montana,12UUU
Montana,12UUV
Montana,12UVU
Montana,12UVV
Montana,12UWU
Montana,12UWV
Montana,12UXU
Montana,12UXV
Montana,12UYU
Montana,12UYV
Montana,13TCK
Montana,13TCL
Montana,13TCM
Montana,13TCN
Montana,13TDK
Montana,13TDL
Montana,13TDM
Montana,13TDN
Montana,13TEK
Montana,13TEL
Montana,13TEM
Montana,13TEN
Montana,13UCP
Montana,13UCQ
Montana,13UDP
Montana,13UDQ
Montana,13UEP
Montana,13UEQ
Nebraska,13TEF
Nebraska,13TEG
Nebraska,13TEH
Nebraska,13TFF
Nebraska,13TFG
Nebraska,13TFH
Nebraska,13TGE
Nebraska,13TGF
Nebraska,13TGG
Nebraska,13TGH
Nebraska,14TKK
Nebraska,14TKL
Nebraska,14TKM
Nebraska,14TLK
Nebraska,14TLL
Nebraska,14TLM
Nebraska,14TLN
Nebraska,14TMK
Nebraska,14TML
Nebraska,14TMM
Nebraska,14TMN
Nebraska,14TNK
Nebraska,14TNL
Nebraska,14TNM
Nebraska,14TNN
Nebraska,14TPK
Nebraska,14TPL
Nebraska,14TPM
Nebraska,14TPN
Nebraska,14TQK
Nebraska,14TQL
Nebraska,14TQM
Nebraska,14TQN
Nebraska,15TTE
Nebraska,15TTF
Nebraska,15TTG
Nebraska,15TUE
Nevada,10SGH
Nevada,10SGJ
Nevada,10TGK
Nevada,10TGL
Nevada,10TGM
Nevada,11SKC
Nevada,11SKD
Nevada,11SLB
Nevada,11SLC
Nevada,11SLD
Nevada,11SMA
Nevada,11SMB
Nevada,11SMC
Nevada,11SMD
Nevada,11SNA
Nevada,11SNB
Nevada,11SNC
Nevada,11SND
Nevada,11SNV
Nevada,11SPA
Nevada,11SPB
Nevada,11SPC
Nevada,11SPD
Nevada,11SPU
Nevada,11SPV
Nevada,11SQA
Nevada,11SQB
Nevada,11SQC
Nevada,11SQD
Nevada,11SQU
Nevada,11SQV
Nevada,11TKE
Nevada,11TKF
Nevada,11TKG
Nevada,11TLE
Nevada,11TLF
Nevada,11TLG
Nevada,11TME
Nevada,11TMF
Nevada,11TMG
Nevada,11TNE
Nevada,11TNF
Nevada,11TNG
Nevada,11TPE
Nevada,11TPF
Nevada,11TPG
Nevada,11TQE
Nevada,11TQF
Nevada,11TQG
Nevada,12STE
Nevada,12STF
Nevada,12STG
Nevada,12STH
Nevada,12STJ
Nevada,12TTK
Nevada,12TTL
Nevada,12TTM
New Hampshire,18TXN
New Hampshire,18TXP
New Hampshire,18TYN
New Hampshire,18TYP
New Hampshire,18TYQ
New Hampshire,18TYR
New Hampshire,19TCH
New Hampshire,19TCJ
New Hampshire,19TCK
New Hampshire,19TCL
New Jersey,18SVJ
New Jersey,18SWJ
New Jersey,18TVK
New Jersey,18TVL
New Jersey,18TWK
New Jersey,18TWL
New Mexico,12RXV
New Mexico,12RYV
New Mexico,12SXA
New Mexico,12SXB
New Mexico,12SXC
New Mexico,12SXD
New Mexico,12SXE
New Mexico,12SXF
New Mexico,12SXG
New Mexico,12SYA
New Mexico,12SYB
New Mexico,12SYC
New Mexico,12SYD
New Mexico,12SYE
New Mexico,12SYF
New Mexico,12SYG
New Mexico,13SBA
New Mexico,13SBB
New Mexico,13SBR
New Mexico,13SBS
New Mexico,13SBT
New Mexico,13SBU
New Mexico,13SBV
New Mexico,13SCA
New Mexico,13SCB
New Mexico,13SCR
New Mexico,13SCS
New Mexico,13SCT
New Mexico,13SCU
New Mexico,13SCV
New Mexico,13SDA
New Mexico,13SDB
New Mexico,13SDR
New Mexico,13SDS
New Mexico,13SDT
New Mexico,13SDU
New Mexico,13SDV
New Mexico,13SEA
New Mexico,13SEB
New Mexico,13SER
New Mexico,13SES
New Mexico,13SET
New Mexico,13SEU
New Mexico,13SEV
New Mexico,13SFA
New Mexico,13SFB
New Mexico,13SFR
New Mexico,13SFS
New Mexico,13SFT
New Mexico,13SFU
New Mexico,13SFV
New York,17TNG
New York,17TPG
New York,17TPH
New York,17TPJ
New York,17TQG
New York,17TQH
New York,17TQJ
New York,18TTM
New York,18TUM
New York,18TUN
New York,18TUP
New York,18TUQ
New York,18TVL
New York,18TVM
New York,18TVN
New York,18TVP
New York,18TVQ
New York,18TWK
New York,18TWL
New York,18TWM
New York,18TWN
New York,18TWP
New York,18TWQ
New York,18TXK
New York,18TXL
New York,18TXM
New York,18TXN
New York,18TXP
New York,18TXQ
New York,18TYL
New York,19TBF
North Carolina,16SGD
North Carolina,16SGE
North Carolina,17SKU
North Carolina,17SKV
North Carolina,17SLA
North Carolina,17SLU
North Carolina,17SLV
North Carolina,17SMA
North Carolina,17SMU
North Carolina,17SMV
North Carolina,17SNA
North Carolina,17SNU
North Carolina,17SNV
North Carolina,17SPA
North Carolina,17SPT
North Carolina,17SPU
North Carolina,17SPV
North Carolina,17SQA
North Carolina,17SQT
North Carolina,17SQU
North Carolina,17SQV
North Carolina,18STC
North Carolina,18STD
North Carolina,18STE
North Carolina,18STF
North Carolina,18SUD
North Carolina,18SUE
North Carolina,18SUF
North Carolina,18SVD
North Carolina,18SVE
North Carolina,18SVF
North Dakota,13TEL
North Dakota,13TEM
North Dakota,13TEN
North Dakota,13TFL
North Dakota,13TFM
North Dakota,13TFN
North Dakota,13TGL
North Dakota,13TGM
North Dakota,13TGN
North Dakota,13UEP
North Dakota,13UEQ
North Dakota,13UFP
North Dakota,13UFQ
North Dakota,13UGP
North Dakota,13UGQ
North Dakota,14TLR
North Dakota,14TLS
North Dakota,14TLT
North Dakota,14TMR
North Dakota,14TMS
North Dakota,14TMT
North Dakota,14TNR
North Dakota,14TNS
North Dakota,14TNT
North Dakota,14TPR
North Dakota,14TPS
North Dakota,14TPT
North Dakota,14ULU
North Dakota,14ULV
North Dakota,14UMU
North Dakota,14UMV
North Dakota,14UNU
North Dakota,14UNV
North Dakota,14UPU
North Dakota,14UPV
Ohio,16SFJ
Ohio,16SGH
Ohio,16SGJ
Ohio,16TFK
Ohio,16TFL
Ohio,16TFM
Ohio,16TGK
Ohio,16TGL
Ohio,16TGM
Ohio,17SKC
Ohio,17SKD
Ohio,17SLC
Ohio,17SLD
Ohio,17SMC
Ohio,17SMD
Ohio,17SND
Ohio,17TKE
Ohio,17TKF
Ohio,17TKG
Ohio,17TLE
Ohio,17TLF
Ohio,17TLG
Ohio,17TME
Ohio,17TMF
Ohio,17TMG
Ohio,17TNE
Ohio,17TNF
Ohio,17TNG
Ohio,17TNH
Ohio,17TPG
Ohio,17TPH
Oklahoma,13SFA
Oklahoma,13SFB
Oklahoma,13SGA
Oklahoma,13SGB
Oklahoma,14SKF
Oklahoma,14SKG
Oklahoma,14SLD
Oklahoma,14SLE
Oklahoma,14SLF
Oklahoma,14SLG
Oklahoma,14SMC
Oklahoma,14SMD
Oklahoma,14SME
Oklahoma,14SMF
Oklahoma,14SMG
Oklahoma,14SNC
Oklahoma,14SND
Oklahoma,14SNE
Oklahoma,14SNF
Oklahoma,14SNG
Oklahoma,14SPC
Oklahoma,14SPD
Oklahoma,14SPE
Oklahoma,14SPF
Oklahoma,14SPG
Oklahoma,14SQC
Oklahoma,14SQD
Oklahoma,14SQE
Oklahoma,14SQF
Oklahoma,14SQG
Oklahoma,15STA
Oklahoma,15STB
Oklahoma,15STT
Oklahoma,15STU
Oklahoma,15STV
Oklahoma,15SUA
Oklahoma,15SUB
Oklahoma,15SUT
Oklahoma,15SUU
Oklahoma,15SUV
Oregon,10TCM
Oregon,10TCN
Oregon,10TCP
Oregon,10TDM
Oregon,10TDN
Oregon,10TDP
Oregon,10TDQ
Oregon,10TDR
Oregon,10TDS
Oregon,10TEM
Oregon,10TEN
Oregon,10TEP
Oregon,10TEQ
Oregon,10TER
Oregon,10TES
Oregon,10TFM
Oregon,10TFN
Oregon,10TFP
Oregon,10TFQ
Oregon,10TFR
Oregon,10TGM
Oregon,10TGN
Oregon,10TGP
Oregon,10TGQ
Oregon,10TGR
Oregon,10TGS
Oregon,11TKG
Oregon,11TLG
Oregon,11TLH
Oregon,11TLJ
Oregon,11TLK
Oregon,11TLL
Oregon,11TLM
Oregon,11TMG
Oregon,11TMH
Oregon,11TMJ
Oregon,11TMK
Oregon,11TML
Oregon,11TMM
Oregon,11TNJ
Oregon,11TNK
Oregon,11TNL
Oregon,11TNM
Pennsylvania,17SND
Pennsylvania,17SPD
Pennsylvania,17SQD
Pennsylvania,17TNE
Pennsylvania,17TNF
Pennsylvania,17TNG
Pennsylvania,17TPE
Pennsylvania,17TPF
Pennsylvania,17TPG
Pennsylvania,17TQE
Pennsylvania,17TQF
Pennsylvania,17TQG
Pennsylvania,18STJ
Pennsylvania,18SUJ
Pennsylvania,18SVJ
Pennsylvania,18TTK
Pennsylvania,18TTL
Pennsylvania,18TTM
Pennsylvania,18TUK
Pennsylvania,18TUL
Pennsylvania,18TUM
Pennsylvania,18TVK
Pennsylvania,18TVL
Pennsylvania,18TVM
Pennsylvania,18TWK
Pennsylvania,18TWL
Pennsylvania,18TWM
Rhode Island,18TYL
Rhode Island,18TYM
Rhode Island,19TBF
Rhode Island,19TBG
Rhode Island,19TCF
Rhode Island,19TCG
South Carolina,17SKU
South Carolina,17SLT
South Carolina,17SLU
South Carolina,17SLV
South Carolina,17SMR
South Carolina,17SMS
South Carolina,17SMT
South Carolina,17SMU
South Carolina,17SMV
South Carolina,17SNR
South Carolina,17SNS
South Carolina,17SNT
South Carolina,17SNU
South Carolina,17SPS
South Carolina,17SPT
South Carolina,17SPU
South Carolina,17SQT
South Dakota,13TEH
South Dakota,13TEJ
South Dakota,13TEK
South Dakota,13TEL
South Dakota,13TFH
South Dakota,13TFJ
South Dakota,13TFK
South Dakota,13TFL
South Dakota,13TFM
South Dakota,13TGH
South Dakota,13TGJ
South Dakota,13TGK
South Dakota,13TGL
South Dakota,13TGM
South Dakota,14TLN
South Dakota,14TLP
South Dakota,14TLQ
South Dakota,14TLR
South Dakota,14TLS
South Dakota,14TMN
South Dakota,14TMP
South Dakota,14TMQ
South Dakota,14TMR
South Dakota,14TNN
South Dakota,14TNP
South Dakota,14TNQ
South Dakota,14TNR
South Dakota,14TPN
South Dakota,14TPP
South Dakota,14TPQ
South Dakota,14TPR
South Dakota,14TQN
South Dakota,14TQP
South Dakota,14TQQ
South Dakota,14TQR
Tennessee,15SYA
Tennessee,15SYU
Tennessee,15SYV
Tennessee,16SBD
Tennessee,16SBE
Tennessee,16SBF
Tennessee,16SCD
Tennessee,16SCE
Tennessee,16SCF
Tennessee,16SDD
Tennessee,16SDE
Tennessee,16SDF
Tennessee,16SED
Tennessee,16SEE
Tennessee,16SEF
Tennessee,16SFD
Tennessee,16SFE
Tennessee,16SFF
Tennessee,16SGD
Tennessee,16SGE
Tennessee,16SGF
Tennessee,17SKA
Tennessee,17SKU
Tennessee,17SKV
Tennessee,17SLA
Tennessee,17SLV
Tennessee,17SMA
Tennessee,17SMV
Texas,13RCQ
Texas,13RDP
Texas,13RDQ
Texas,13REN
Texas,13REP
Texas,13REQ
Texas,13RFN
Texas,13RFP
Texas,13RFQ
Texas,13RGN
Texas,13RGP
Texas,13RGQ
Texas,13SCR
Texas,13SDR
Texas,13SER
Texas,13SFA
Texas,13SFR
Texas,13SFS
Texas,13SFT
Texas,13SFU
Texas,13SFV
Texas,13SGA
Texas,13SGR
Texas,13SGS
Texas,13SGT
Texas,13SGU
Texas,13SGV
Texas,14RKT
Texas,14RKU
Texas,14RKV
Texas,14RLR
Texas,14RLS
Texas,14RLT
Texas,14RLU
Texas,14RLV
Texas,14RMQ
Texas,14RMR
Texas,14RMS
Texas,14RMT
Texas,14RMU
Texas,14RMV
Texas,14RNP
Texas,14RNQ
Texas,14RNR
Texas,14RNS
Texas,14RNT
Texas,14RNU
Texas,14RNV
Texas,14RPP
Texas,14RPQ
Texas,14RPR
Texas,14RPS
Texas,14RPT
Texas,14RPU
Texas,14RPV
Texas,14RQR
Texas,14RQS
Texas,14RQT
Texas,14RQU
Texas,14RQV
Texas,14SKA
Texas,14SKB
Texas,14SKC
Texas,14SKD
Texas,14SKE
Texas,14SKF
Texas,14SLA
Texas,14SLB
Texas,14SLC
Texas,14SLD
Texas,14SLE
Texas,14SLF
Texas,14SMA
Texas,14SMB
Texas,14SMC
Texas,14SMD
Texas,14SME
Texas,14SMF
Texas,14SNA
Texas,14SNB
Texas,14SNC
Texas,14SPA
Texas,14SPB
Texas,14SPC
Texas,14SQA
Texas,14SQB
Texas,14SQC
Texas,15RTM
Texas,15RTN
Texas,15RTP
Texas,15RTQ
Texas,15RUN
Texas,15RUP
Texas,15RUQ
Texas,15RVN
Texas,15RVP
Texas,15RVQ
Texas,15STR
Texas,15STS
Texas,15STT
Texas,15SUR
Texas,15SUS
Texas,15SUT
Texas,15SVR
Texas,15SVS
Texas,15SVT
Utah,11SQA
Utah,11SQB
Utah,11SQC
Utah,11SQD
Utah,11TQE
Utah,11TQF
Utah,11TQG
Utah,12STF
Utah,12STG
Utah,12STH
Utah,12STJ
Utah,12SUF
Utah,12SUG
Utah,12SUH
Utah,12SUJ
Utah,12SVF
Utah,12SVG
Utah,12SVH
Utah,12SVJ
Utah,12SWF
Utah,12SWG
Utah,12SWH
Utah,12SWJ
Utah,12SXF
Utah,12SXG
Utah,12SXH
Utah,12SXJ
Utah,12TTK
Utah,12TTL
Utah,12TTM
Utah,12TUK
Utah,12TUL
Utah,12TUM
Utah,12TVK
Utah,12TVL
Utah,12TVM
Utah,12TWK
Utah,12TWL
Utah,12TXK
Utah,12TXL
Vermont,18TXN
Vermont,18TXP
Vermont,18TXQ
Vermont,18TYN
Vermont,18TYP
Vermont,18TYQ
Vermont,18TYR
Vermont,19TCK
Virginia,16SGF
Virginia,17SKA
Virginia,17SLA
Virginia,17SLB
Virginia,17SMA
Virginia,17SMB
Virginia,17SNA
Virginia,17SNB
Virginia,17SNC
Virginia,17SPA
Virginia,17SPB
Virginia,17SPC
Virginia,17SPD
Virginia,17SQA
Virginia,17SQB
Virginia,17SQC
Virginia,17SQD
Virginia,18STF
Virginia,18STG
Virginia,18STH
Virginia,18STJ
Virginia,18SUF
Virginia,18SUG
Virginia,18SUH
Virginia,18SUJ
Virginia,18SVF
Virginia,18SVG
Virginia,18SVH
Washington,10TCT
Washington,10TDR
Washington,10TDS
Washington,10TDT
Washington,10TER
Washington,10TES
Washington,10TET
Washington,10TFR
Washington,10TFS
Washington,10TFT
Washington,10TGR
Washington,10TGS
Washington,10TGT
Washington,10UCU
Washington,10UDU
Washington,10UDV
Washington,10UEU
Washington,10UEV
Washington,10UFU
Washington,10UFV
Washington,10UGU
Washington,10UGV
Washington,11TLL
Washington,11TLM
Washington,11TLN
Washington,11TML
Washington,11TMM
Washington,11TMN
Washington,11TNL
Washington,11TNM
Washington,11ULP
Washington,11ULQ
Washington,11UMP
Washington,11UMQ
West Virginia,17SLB
West Virginia,17SLC
West Virginia,17SLD
West Virginia,17SMB
West Virginia,17SMC
West Virginia,17SMD
West Virginia,17SNB
West Virginia,17SNC
West Virginia,17SND
West Virginia,17SPC
West Virginia,17SPD
West Virginia,17SQD
West Virginia,17TNE
West Virginia,17TNF
West Virginia,17TPE
West Virginia,17TQE
West Virginia,18STJ
West Virginia,18TTK
Wisconsin,15TVL
Wisconsin,15TWJ
Wisconsin,15TWK
Wisconsin,15TWL
Wisconsin,15TWM
Wisconsin,15TWN
Wisconsin,15TXH
Wisconsin,15TXJ
Wisconsin,15TXK
Wisconsin,15TXL
Wisconsin,15TXM
Wisconsin,15TXN
Wisconsin,15TYH
Wisconsin,15TYJ
Wisconsin,15TYK
Wisconsin,15TYL
Wisconsin,15TYM
Wisconsin,15TYN
Wisconsin,16TCN
Wisconsin,16TCP
Wisconsin,16TCQ
Wisconsin,16TCR
Wisconsin,16TCS
Wisconsin,16TDN
Wisconsin,16TDP
Wisconsin,16TDQ
Wisconsin,16TDR
Wisconsin,16TDS
Wisconsin,16TEP
Wisconsin,16TEQ
Wisconsin,16TER
Wyoming,12TVL
Wyoming,12TVM
Wyoming,12TVN
Wyoming,12TVP
Wyoming,12TVQ
Wyoming,12TWL
Wyoming,12TWM
Wyoming,12TWN
Wyoming,12TWP
Wyoming,12TWQ
Wyoming,12TXL
Wyoming,12TXM
Wyoming,12TXN
Wyoming,12TXP
Wyoming,12TXQ
Wyoming,12TYL
Wyoming,12TYM
Wyoming,12TYN
Wyoming,12TYP
Wyoming,12TYQ
Wyoming,12TYR
Wyoming,13TBF
Wyoming,13TBG
Wyoming,13TCF
Wyoming,13TCG
Wyoming,13TCH
Wyoming,13TCJ
Wyoming,13TCK
Wyoming,13TDF
Wyoming,13TDG
Wyoming,13TDH
Wyoming,13TDJ
Wyoming,13TDK
Wyoming,13TEF
Wyoming,13TEG
Wyoming,13TEH
Wyoming,13TEJ
Wyoming,13TEK
